date,advertiser,ad_format,impressions,spend,avg_cpm,clicks,conversions,pmp_impressions,ctr,cvr,simulated_revenue,roas
2024-01-01,AmericanExpress,display,130,870.9051000000001,6.69927,0,0,14,0.0,0.0,0.0,0.0
2024-01-01,AmericanExpress,mobile,89,626.0623,7.03440786516854,0,0,15,0.0,0.0,0.0,0.0
2024-01-01,AmericanExpress,native,50,361.1646,7.223292,1,0,4,0.02,0.0,0.0,0.0
2024-01-01,Netflix,display,297,1629.5989,5.486864983164983,2,0,87,0.006734006734006734,0.0,0.0,0.0
2024-01-01,Netflix,mobile,221,1120.6208,5.070682352941176,1,0,58,0.004524886877828055,0.0,0.0,0.0
2024-01-01,Nike,display,31,184.0784,5.938012903225806,0,0,2,0.0,0.0,0.0,0.0
2024-01-01,Nike,mobile,13,77.4987,5.961438461538462,0,0,1,0.0,0.0,0.0,0.0
2024-01-01,Toyota,display,26,165.1786,6.353023076923076,0,0,0,0.0,0.0,0.0,0.0
2024-01-01,Toyota,mobile,14,88.3808,6.312914285714285,0,0,0,0.0,0.0,0.0,0.0
2024-01-02,AmericanExpress,display,130,880.3652999999999,6.7720407692307685,0,0,15,0.0,0.0,0.0,0.0
2024-01-02,AmericanExpress,mobile,88,580.0972,6.592013636363637,0,0,6,0.0,0.0,0.0,0.0
2024-01-02,AmericanExpress,native,29,217.1689,7.48858275862069,0,0,1,0.0,0.0,0.0,0.0
2024-01-02,Netflix,display,330,1711.4202,5.186121818181818,1,0,91,0.0030303030303030303,0.0,0.0,0.0
2024-01-02,Netflix,mobile,191,1012.7354,5.302279581151833,0,0,56,0.0,0.0,0.0,0.0
2024-01-02,Nike,display,25,143.0625,5.7225,0,0,0,0.0,0.0,0.0,0.0
2024-01-02,Nike,mobile,17,104.4896,6.146447058823529,0,0,2,0.0,0.0,0.0,0.0
2024-01-02,Toyota,display,26,174.5249,6.712496153846154,0,0,0,0.0,0.0,0.0,0.0
2024-01-02,Toyota,mobile,16,104.1159,6.50724375,0,0,0,0.0,0.0,0.0,0.0
2024-01-03,AmericanExpress,display,154,1003.502,6.516246753246753,0,0,10,0.0,0.0,0.0,0.0
2024-01-03,AmericanExpress,mobile,92,635.7018,6.909802173913044,0,0,13,0.0,0.0,0.0,0.0
2024-01-03,AmericanExpress,native,37,264.6651,7.15311081081081,0,0,1,0.0,0.0,0.0,0.0
2024-01-03,Netflix,display,279,1486.8913,5.329359498207885,2,0,77,0.007168458781362007,0.0,0.0,0.0
2024-01-03,Netflix,mobile,223,1185.4555,5.315943946188341,0,0,57,0.0,0.0,0.0,0.0
2024-01-03,Nike,display,25,146.5997,5.863988000000001,0,0,1,0.0,0.0,0.0,0.0
2024-01-03,Nike,mobile,22,128.6829,5.849222727272727,0,0,0,0.0,0.0,0.0,0.0
2024-01-03,Toyota,display,18,113.1307,6.285038888888889,0,0,0,0.0,0.0,0.0,0.0
2024-01-03,Toyota,mobile,13,86.48,6.6523076923076925,0,0,0,0.0,0.0,0.0,0.0
2024-01-04,AmericanExpress,display,100,662.6246,6.626246,0,0,9,0.0,0.0,0.0,0.0
2024-01-04,AmericanExpress,mobile,86,591.0016,6.872111627906977,0,0,14,0.0,0.0,0.0,0.0
2024-01-04,AmericanExpress,native,39,296.0331,7.590592307692307,0,0,4,0.0,0.0,0.0,0.0
2024-01-04,Netflix,display,318,1649.6476,5.18757106918239,1,0,84,0.0031446540880503146,0.0,0.0,0.0
2024-01-04,Netflix,mobile,198,1070.1883,5.404991414141414,1,0,57,0.005050505050505051,0.0,0.0,0.0
2024-01-04,Nike,display,28,164.5166,5.875592857142857,0,0,0,0.0,0.0,0.0,0.0
2024-01-04,Nike,mobile,17,99.8959,5.876229411764705,0,0,1,0.0,0.0,0.0,0.0
2024-01-04,Toyota,display,22,149.5972,6.799872727272727,0,0,0,0.0,0.0,0.0,0.0
2024-01-04,Toyota,mobile,10,61.549,6.1549,0,0,0,0.0,0.0,0.0,0.0
2024-01-05,AmericanExpress,display,130,865.989,6.661453846153846,0,0,11,0.0,0.0,0.0,0.0
2024-01-05,AmericanExpress,mobile,88,597.3675,6.788267045454545,0,0,8,0.0,0.0,0.0,0.0
2024-01-05,AmericanExpress,native,42,314.839,7.496166666666666,0,0,4,0.0,0.0,0.0,0.0
2024-01-05,Netflix,display,299,1548.4681,5.178823076923077,1,0,79,0.0033444816053511705,0.0,0.0,0.0
2024-01-05,Netflix,mobile,197,1007.2786,5.1130893401015225,0,0,49,0.0,0.0,0.0,0.0
2024-01-05,Nike,display,21,128.2126,6.105361904761905,0,0,1,0.0,0.0,0.0,0.0
2024-01-05,Nike,mobile,17,97.6434,5.743729411764706,0,0,1,0.0,0.0,0.0,0.0
2024-01-05,Toyota,display,22,148.1274,6.733063636363636,0,0,0,0.0,0.0,0.0,0.0
2024-01-05,Toyota,mobile,10,63.425,6.342499999999999,0,0,0,0.0,0.0,0.0,0.0
2024-01-06,AmericanExpress,display,118,809.8069,6.862770338983051,0,0,13,0.0,0.0,0.0,0.0
2024-01-06,AmericanExpress,mobile,80,527.3091,6.591363749999999,0,0,7,0.0,0.0,0.0,0.0
2024-01-06,AmericanExpress,native,27,201.4192,7.45997037037037,0,0,2,0.0,0.0,0.0,0.0
2024-01-06,Netflix,display,348,1791.9691,5.149336494252873,0,0,85,0.0,0.0,0.0,0.0
2024-01-06,Netflix,mobile,208,1021.6988,4.912013461538462,0,0,50,0.0,0.0,0.0,0.0
2024-01-06,Nike,display,33,199.9737,6.059809090909091,0,0,2,0.0,0.0,0.0,0.0
2024-01-06,Nike,mobile,15,93.9404,6.262693333333333,0,0,2,0.0,0.0,0.0,0.0
2024-01-06,Toyota,display,19,121.5246,6.396031578947369,0,0,0,0.0,0.0,0.0,0.0
2024-01-06,Toyota,mobile,19,117.0952,6.162905263157895,0,0,0,0.0,0.0,0.0,0.0
2024-01-07,AmericanExpress,display,141,929.1425,6.589663120567376,1,0,8,0.0070921985815602835,0.0,0.0,0.0
2024-01-07,AmericanExpress,mobile,103,657.1821,6.3804087378640775,0,0,5,0.0,0.0,0.0,0.0
2024-01-07,AmericanExpress,native,39,304.4896,7.807425641025641,0,0,4,0.0,0.0,0.0,0.0
2024-01-07,Netflix,display,280,1480.3185,5.286851785714286,1,0,81,0.0035714285714285713,0.0,0.0,0.0
2024-01-07,Netflix,mobile,199,1046.4259,5.258421608040201,1,1,59,0.005025125628140704,1.0,42.067372864321605,0.04020100502512563
2024-01-07,Nike,display,36,208.7887,5.799686111111111,0,0,0,0.0,0.0,0.0,0.0
2024-01-07,Nike,mobile,23,134.3659,5.841995652173914,0,0,0,0.0,0.0,0.0,0.0
2024-01-07,Toyota,display,20,117.4697,5.8734850000000005,0,0,0,0.0,0.0,0.0,0.0
2024-01-07,Toyota,mobile,21,139.0927,6.623461904761905,0,0,0,0.0,0.0,0.0,0.0
2024-01-08,AmericanExpress,display,118,796.0506,6.746191525423729,0,0,14,0.0,0.0,0.0,0.0
2024-01-08,AmericanExpress,mobile,81,539.7304,6.663338271604939,0,0,8,0.0,0.0,0.0,0.0
2024-01-08,AmericanExpress,native,34,257.3878,7.570229411764707,0,0,3,0.0,0.0,0.0,0.0
2024-01-08,Netflix,display,331,1786.9581,5.39866495468278,0,0,98,0.0,0.0,0.0,0.0
2024-01-08,Netflix,mobile,183,952.7134,5.206084153005464,0,0,51,0.0,0.0,0.0,0.0
2024-01-08,Nike,display,41,241.0553,5.879397560975609,0,0,2,0.0,0.0,0.0,0.0
2024-01-08,Nike,mobile,17,97.8577,5.756335294117647,0,0,0,0.0,0.0,0.0,0.0
2024-01-08,Toyota,display,23,158.4599,6.8895608695652175,0,0,0,0.0,0.0,0.0,0.0
2024-01-08,Toyota,mobile,13,76.3553,5.873484615384616,0,0,0,0.0,0.0,0.0,0.0
2024-01-09,AmericanExpress,display,133,867.9058,6.525607518796993,0,0,13,0.0,0.0,0.0,0.0
2024-01-09,AmericanExpress,mobile,96,654.0023,6.812523958333333,0,0,10,0.0,0.0,0.0,0.0
2024-01-09,AmericanExpress,native,42,305.48220000000003,7.273385714285715,0,0,4,0.0,0.0,0.0,0.0
2024-01-09,Netflix,display,325,1751.6131,5.389578769230769,1,0,94,0.003076923076923077,0.0,0.0,0.0
2024-01-09,Netflix,mobile,180,886.4757,4.924865,0,0,39,0.0,0.0,0.0,0.0
2024-01-09,Nike,display,25,152.5218,6.100872000000001,0,0,3,0.0,0.0,0.0,0.0
2024-01-09,Nike,mobile,17,100.1569,5.891582352941176,0,0,0,0.0,0.0,0.0,0.0
2024-01-09,Toyota,display,17,105.9121,6.230123529411764,0,0,0,0.0,0.0,0.0,0.0
2024-01-09,Toyota,mobile,12,72.96809999999999,6.080674999999999,0,0,0,0.0,0.0,0.0,0.0
2024-01-10,AmericanExpress,display,135,909.8073,6.7393133333333335,0,0,13,0.0,0.0,0.0,0.0
2024-01-10,AmericanExpress,mobile,95,625.8403,6.587792631578947,0,0,8,0.0,0.0,0.0,0.0
2024-01-10,AmericanExpress,native,32,239.2126,7.47539375,0,0,1,0.0,0.0,0.0,0.0
2024-01-10,Netflix,display,304,1562.9533,5.14129375,0,0,80,0.0,0.0,0.0,0.0
2024-01-10,Netflix,mobile,205,1081.5084,5.275650731707317,0,0,58,0.0,0.0,0.0,0.0
2024-01-10,Nike,display,32,191.3559,5.979871875,0,0,2,0.0,0.0,0.0,0.0
2024-01-10,Nike,mobile,14,85.6663,6.119021428571429,0,0,1,0.0,0.0,0.0,0.0
2024-01-10,Toyota,display,22,139.381,6.3355,0,0,0,0.0,0.0,0.0,0.0
2024-01-10,Toyota,mobile,11,76.7276,6.9752363636363635,0,0,0,0.0,0.0,0.0,0.0
2024-01-11,AmericanExpress,display,137,919.8269,6.71406496350365,0,0,16,0.0,0.0,0.0,0.0
2024-01-11,AmericanExpress,mobile,79,546.6218,6.919263291139241,0,0,9,0.0,0.0,0.0,0.0
2024-01-11,AmericanExpress,native,36,271.1854,7.532927777777778,0,0,2,0.0,0.0,0.0,0.0
2024-01-11,Netflix,display,290,1494.5529999999999,5.153631034482758,1,0,77,0.0034482758620689655,0.0,0.0,0.0
2024-01-11,Netflix,mobile,211,1093.265,5.181350710900475,0,0,56,0.0,0.0,0.0,0.0
2024-01-11,Nike,display,31,183.7651,5.927906451612903,0,0,1,0.0,0.0,0.0,0.0
2024-01-11,Nike,mobile,19,111.4411,5.865321052631579,0,0,0,0.0,0.0,0.0,0.0
2024-01-11,Toyota,display,28,166.6786,5.952807142857142,0,0,0,0.0,0.0,0.0,0.0
2024-01-11,Toyota,mobile,20,130.6597,6.532984999999999,0,0,0,0.0,0.0,0.0,0.0
2024-01-12,AmericanExpress,display,114,757.4544,6.644336842105263,0,0,11,0.0,0.0,0.0,0.0
2024-01-12,AmericanExpress,mobile,90,599.7526,6.663917777777778,0,0,7,0.0,0.0,0.0,0.0
2024-01-12,AmericanExpress,native,33,242.545,7.349848484848485,0,0,2,0.0,0.0,0.0,0.0
2024-01-12,Netflix,display,309,1532.4968,4.959536569579288,0,0,75,0.0,0.0,0.0,0.0
2024-01-12,Netflix,mobile,207,1054.3349,5.0934053140096625,0,0,48,0.0,0.0,0.0,0.0
2024-01-12,Nike,display,26,162.8063,6.261780769230769,0,0,4,0.0,0.0,0.0,0.0
2024-01-12,Nike,mobile,18,107.22710000000001,5.957061111111112,0,0,2,0.0,0.0,0.0,0.0
2024-01-12,Toyota,display,19,115.534,6.080736842105264,0,0,0,0.0,0.0,0.0,0.0
2024-01-12,Toyota,mobile,13,87.7216,6.747815384615384,0,0,0,0.0,0.0,0.0,0.0
2024-01-13,AmericanExpress,display,135,936.6247,6.93796074074074,0,0,19,0.0,0.0,0.0,0.0
2024-01-13,AmericanExpress,mobile,97,641.9106,6.617635051546392,0,0,8,0.0,0.0,0.0,0.0
2024-01-13,AmericanExpress,native,31,216.2685,6.976403225806451,0,0,1,0.0,0.0,0.0,0.0
2024-01-13,Netflix,display,312,1719.6491,5.5116958333333335,0,0,96,0.0,0.0,0.0,0.0
2024-01-13,Netflix,mobile,194,1034.6127999999999,5.333055670103092,1,0,54,0.005154639175257732,0.0,0.0,0.0
2024-01-13,Nike,display,35,210.7525,6.0215,0,0,2,0.0,0.0,0.0,0.0
2024-01-13,Nike,mobile,24,147.829,6.159541666666667,0,0,3,0.0,0.0,0.0,0.0
2024-01-13,Toyota,display,23,141.0411,6.132221739130435,0,0,0,0.0,0.0,0.0,0.0
2024-01-13,Toyota,mobile,18,120.0877,6.671538888888889,0,0,0,0.0,0.0,0.0,0.0
2024-01-14,AmericanExpress,display,120,820.064,6.833866666666666,0,0,13,0.0,0.0,0.0,0.0
2024-01-14,AmericanExpress,mobile,94,646.4996,6.8776553191489365,0,0,13,0.0,0.0,0.0,0.0
2024-01-14,AmericanExpress,native,38,286.2702,7.533426315789473,0,0,5,0.0,0.0,0.0,0.0
2024-01-14,Netflix,display,313,1635.3022,5.22460766773163,0,0,84,0.0,0.0,0.0,0.0
2024-01-14,Netflix,mobile,198,1036.6043,5.235375252525253,0,0,54,0.0,0.0,0.0,0.0
2024-01-14,Nike,display,25,144.1094,5.7643759999999995,0,0,0,0.0,0.0,0.0,0.0
2024-01-14,Nike,mobile,19,107.9118,5.679568421052632,0,0,0,0.0,0.0,0.0,0.0
2024-01-14,Toyota,display,23,148.5982,6.460791304347826,0,0,0,0.0,0.0,0.0,0.0
2024-01-14,Toyota,mobile,13,82.8872,6.375938461538462,0,0,0,0.0,0.0,0.0,0.0
2024-01-15,AmericanExpress,display,134,889.5617,6.638520149253731,0,0,10,0.0,0.0,0.0,0.0
2024-01-15,AmericanExpress,mobile,94,646.2283,6.87476914893617,0,0,12,0.0,0.0,0.0,0.0
2024-01-15,AmericanExpress,native,39,285.7333,7.326494871794871,1,0,4,0.02564102564102564,0.0,0.0,0.0
2024-01-15,Netflix,display,338,1635.6218,4.839117751479289,1,0,66,0.0029585798816568047,0.0,0.0,0.0
2024-01-15,Netflix,mobile,225,1228.9451999999999,5.461978666666666,1,0,72,0.0044444444444444444,0.0,0.0,0.0
2024-01-15,Nike,display,31,179.0178,5.7747677419354835,0,0,0,0.0,0.0,0.0,0.0
2024-01-15,Nike,mobile,15,93.9954,6.266360000000001,0,0,1,0.0,0.0,0.0,0.0
2024-01-15,Toyota,display,19,115.5606,6.082136842105263,0,0,0,0.0,0.0,0.0,0.0
2024-01-15,Toyota,mobile,14,85.9398,6.1385571428571435,0,0,0,0.0,0.0,0.0,0.0
2024-01-16,AmericanExpress,display,138,920.8388,6.672744927536232,1,0,12,0.007246376811594203,0.0,0.0,0.0
2024-01-16,AmericanExpress,mobile,104,698.4434,6.715801923076923,0,0,9,0.0,0.0,0.0,0.0
2024-01-16,AmericanExpress,native,31,234.2664,7.556980645161291,0,0,0,0.0,0.0,0.0,0.0
2024-01-16,Netflix,display,315,1630.5175,5.1762460317460315,0,0,80,0.0,0.0,0.0,0.0
2024-01-16,Netflix,mobile,222,1184.4042,5.335154054054054,0,0,64,0.0,0.0,0.0,0.0
2024-01-16,Nike,display,36,215.2132,5.978144444444444,0,0,2,0.0,0.0,0.0,0.0
2024-01-16,Nike,mobile,17,102.7373,6.043370588235295,0,0,1,0.0,0.0,0.0,0.0
2024-01-16,Toyota,display,23,141.4814,6.151365217391304,0,0,0,0.0,0.0,0.0,0.0
2024-01-16,Toyota,mobile,10,62.134,6.2134,0,0,0,0.0,0.0,0.0,0.0
2024-01-17,AmericanExpress,display,149,994.5562,6.674873825503355,0,0,14,0.0,0.0,0.0,0.0
2024-01-17,AmericanExpress,mobile,99,670.9588,6.777361616161616,0,0,11,0.0,0.0,0.0,0.0
2024-01-17,AmericanExpress,native,52,377.6907,7.263282692307692,0,0,3,0.0,0.0,0.0,0.0
2024-01-17,Netflix,display,313,1631.727,5.213185303514377,0,0,94,0.0,0.0,0.0,0.0
2024-01-17,Netflix,mobile,215,1099.9061,5.115842325581395,0,0,56,0.0,0.0,0.0,0.0
2024-01-17,Nike,display,24,144.0997,6.004154166666667,0,0,1,0.0,0.0,0.0,0.0
2024-01-17,Nike,mobile,18,111.7816,6.2100888888888885,0,0,1,0.0,0.0,0.0,0.0
2024-01-17,Toyota,display,17,101.3429,5.961347058823529,0,0,0,0.0,0.0,0.0,0.0
2024-01-17,Toyota,mobile,14,89.2206,6.3729000000000005,0,0,0,0.0,0.0,0.0,0.0
2024-01-18,AmericanExpress,display,137,902.6806,6.588909489051095,0,0,9,0.0,0.0,0.0,0.0
2024-01-18,AmericanExpress,mobile,78,508.4109,6.518088461538462,0,0,4,0.0,0.0,0.0,0.0
2024-01-18,AmericanExpress,native,40,292.30559999999997,7.307639999999999,0,0,3,0.0,0.0,0.0,0.0
2024-01-18,Netflix,display,301,1669.7765,5.547430232558139,1,0,97,0.0033222591362126247,0.0,0.0,0.0
2024-01-18,Netflix,mobile,227,1208.5230999999999,5.323890308370044,0,0,60,0.0,0.0,0.0,0.0
2024-01-18,Nike,display,33,200.9834,6.09040606060606,0,0,3,0.0,0.0,0.0,0.0
2024-01-18,Nike,mobile,17,105.065,6.180294117647058,0,0,3,0.0,0.0,0.0,0.0
2024-01-18,Toyota,display,30,189.6482,6.321606666666667,0,0,0,0.0,0.0,0.0,0.0
2024-01-18,Toyota,mobile,17,108.6267,6.389805882352941,0,0,0,0.0,0.0,0.0,0.0
2024-01-19,AmericanExpress,display,130,909.43,6.995615384615384,0,0,16,0.0,0.0,0.0,0.0
2024-01-19,AmericanExpress,mobile,93,604.6796,6.501931182795699,0,0,8,0.0,0.0,0.0,0.0
2024-01-19,AmericanExpress,native,27,206.8271,7.660262962962963,0,0,1,0.0,0.0,0.0,0.0
2024-01-19,Netflix,display,332,1775.6879999999999,5.348457831325301,0,0,94,0.0,0.0,0.0,0.0
2024-01-19,Netflix,mobile,238,1280.1205,5.37865756302521,0,0,70,0.0,0.0,0.0,0.0
2024-01-19,Nike,display,23,135.7281,5.901221739130436,0,0,1,0.0,0.0,0.0,0.0
2024-01-19,Nike,mobile,23,133.3654,5.798495652173913,0,0,0,0.0,0.0,0.0,0.0
2024-01-19,Toyota,display,29,183.5706,6.330020689655173,0,0,0,0.0,0.0,0.0,0.0
2024-01-19,Toyota,mobile,18,116.29090000000001,6.460605555555556,0,0,0,0.0,0.0,0.0,0.0
2024-01-20,AmericanExpress,display,126,803.6857,6.378457936507936,2,0,6,0.015873015873015872,0.0,0.0,0.0
2024-01-20,AmericanExpress,mobile,87,595.466,6.844436781609195,0,0,10,0.0,0.0,0.0,0.0
2024-01-20,AmericanExpress,native,33,263.5699,7.986966666666667,0,0,3,0.0,0.0,0.0,0.0
2024-01-20,Netflix,display,303,1611.3029999999999,5.317831683168317,0,0,92,0.0,0.0,0.0,0.0
2024-01-20,Netflix,mobile,183,978.7527,5.348375409836065,0,0,49,0.0,0.0,0.0,0.0
2024-01-20,Nike,display,35,199.7618,5.707479999999999,0,0,0,0.0,0.0,0.0,0.0
2024-01-20,Nike,mobile,21,127.3896,6.066171428571429,0,0,2,0.0,0.0,0.0,0.0
2024-01-20,Toyota,display,21,137.1157,6.5293190476190475,0,0,0,0.0,0.0,0.0,0.0
2024-01-20,Toyota,mobile,10,62.0456,6.20456,0,0,0,0.0,0.0,0.0,0.0
2024-01-21,AmericanExpress,display,128,871.1076,6.805528125,0,0,15,0.0,0.0,0.0,0.0
2024-01-21,AmericanExpress,mobile,94,637.7513,6.78458829787234,0,0,9,0.0,0.0,0.0,0.0
2024-01-21,AmericanExpress,native,37,288.7916,7.805178378378379,0,0,4,0.0,0.0,0.0,0.0
2024-01-21,Netflix,display,362,1883.7483,5.203724585635359,0,0,103,0.0,0.0,0.0,0.0
2024-01-21,Netflix,mobile,203,1047.2833,5.159031034482759,0,0,54,0.0,0.0,0.0,0.0
2024-01-21,Nike,display,24,144.3991,6.016629166666667,0,0,1,0.0,0.0,0.0,0.0
2024-01-21,Nike,mobile,22,128.6299,5.846813636363636,0,0,1,0.0,0.0,0.0,0.0
2024-01-21,Toyota,display,23,143.0472,6.21944347826087,0,0,0,0.0,0.0,0.0,0.0
2024-01-21,Toyota,mobile,21,130.6321,6.220576190476191,0,0,0,0.0,0.0,0.0,0.0
2024-01-22,AmericanExpress,display,134,892.4118,6.659789552238806,0,0,10,0.0,0.0,0.0,0.0
2024-01-22,AmericanExpress,mobile,75,503.4971,6.713294666666666,0,0,7,0.0,0.0,0.0,0.0
2024-01-22,AmericanExpress,native,41,323.138,7.881414634146341,0,0,2,0.0,0.0,0.0,0.0
2024-01-22,Netflix,display,297,1555.6118,5.237750168350168,0,0,76,0.0,0.0,0.0,0.0
2024-01-22,Netflix,mobile,200,1005.3206,5.026603,0,0,51,0.0,0.0,0.0,0.0
2024-01-22,Nike,display,27,156.8356,5.808725925925926,0,0,0,0.0,0.0,0.0,0.0
2024-01-22,Nike,mobile,21,120.3061,5.728861904761905,0,0,1,0.0,0.0,0.0,0.0
2024-01-22,Toyota,display,29,177.9389,6.135824137931034,0,0,0,0.0,0.0,0.0,0.0
2024-01-22,Toyota,mobile,9,54.1147,6.0127444444444444,0,0,0,0.0,0.0,0.0,0.0
2024-01-23,AmericanExpress,display,128,860.6937,6.72416953125,1,0,12,0.0078125,0.0,0.0,0.0
2024-01-23,AmericanExpress,mobile,87,587.1578,6.748940229885057,0,0,8,0.0,0.0,0.0,0.0
2024-01-23,AmericanExpress,native,30,235.0927,7.836423333333333,0,0,4,0.0,0.0,0.0,0.0
2024-01-23,Netflix,display,287,1474.9252,5.1391121951219505,3,0,72,0.010452961672473868,0.0,0.0,0.0
2024-01-23,Netflix,mobile,194,956.4643,4.930228350515463,0,0,46,0.0,0.0,0.0,0.0
2024-01-23,Nike,display,23,135.2422,5.880095652173913,0,0,1,0.0,0.0,0.0,0.0
2024-01-23,Nike,mobile,21,122.2162,5.819819047619047,0,0,1,0.0,0.0,0.0,0.0
2024-01-23,Toyota,display,17,106.18430000000001,6.246135294117647,0,0,0,0.0,0.0,0.0,0.0
2024-01-23,Toyota,mobile,22,143.5094,6.523154545454545,0,0,0,0.0,0.0,0.0,0.0
2024-01-24,AmericanExpress,display,113,740.9243,6.556852212389381,0,0,5,0.0,0.0,0.0,0.0
2024-01-24,AmericanExpress,mobile,101,666.0318,6.594374257425742,1,0,7,0.009900990099009901,0.0,0.0,0.0
2024-01-24,AmericanExpress,native,41,302.2559,7.37209512195122,0,0,4,0.0,0.0,0.0,0.0
2024-01-24,Netflix,display,334,1677.3371,5.021967365269461,0,0,78,0.0,0.0,0.0,0.0
2024-01-24,Netflix,mobile,200,992.0916,4.960458,0,0,50,0.0,0.0,0.0,0.0
2024-01-24,Nike,display,38,220.6174,5.805721052631579,0,0,1,0.0,0.0,0.0,0.0
2024-01-24,Nike,mobile,24,148.2949,6.178954166666667,0,0,2,0.0,0.0,0.0,0.0
2024-01-24,Toyota,display,30,189.1835,6.306116666666667,0,0,0,0.0,0.0,0.0,0.0
2024-01-24,Toyota,mobile,15,94.0558,6.270386666666667,0,0,0,0.0,0.0,0.0,0.0
2024-01-25,AmericanExpress,display,145,1023.0014,7.055182068965517,0,0,23,0.0,0.0,0.0,0.0
2024-01-25,AmericanExpress,mobile,106,696.2237,6.568148113207547,0,0,7,0.0,0.0,0.0,0.0
2024-01-25,AmericanExpress,native,28,220.6144,7.879085714285714,0,0,1,0.0,0.0,0.0,0.0
2024-01-25,Netflix,display,308,1556.3535,5.053095779220779,0,0,77,0.0,0.0,0.0,0.0
2024-01-25,Netflix,mobile,183,946.1467,5.170200546448087,0,0,46,0.0,0.0,0.0,0.0
2024-01-25,Nike,display,34,209.5889,6.164379411764706,0,0,4,0.0,0.0,0.0,0.0
2024-01-25,Nike,mobile,21,134.5593,6.407585714285714,0,0,4,0.0,0.0,0.0,0.0
2024-01-25,Toyota,display,19,118.0726,6.214347368421052,0,0,0,0.0,0.0,0.0,0.0
2024-01-25,Toyota,mobile,16,113.6784,7.1049,0,0,0,0.0,0.0,0.0,0.0
2024-01-26,AmericanExpress,display,140,941.9106,6.727932857142857,0,0,11,0.0,0.0,0.0,0.0
2024-01-26,AmericanExpress,mobile,97,665.4054,6.859849484536082,0,0,12,0.0,0.0,0.0,0.0
2024-01-26,AmericanExpress,native,29,211.1706,7.281744827586207,0,0,2,0.0,0.0,0.0,0.0
2024-01-26,Netflix,display,304,1511.2821,4.971322697368421,1,0,70,0.003289473684210526,0.0,0.0,0.0
2024-01-26,Netflix,mobile,192,1007.4964,5.247377083333333,2,0,50,0.010416666666666666,0.0,0.0,0.0
2024-01-26,Nike,display,24,142.3571,5.931545833333334,0,0,1,0.0,0.0,0.0,0.0
2024-01-26,Nike,mobile,15,91.8738,6.12492,0,0,1,0.0,0.0,0.0,0.0
2024-01-26,Toyota,display,26,166.85399999999998,6.417461538461538,0,0,0,0.0,0.0,0.0,0.0
2024-01-26,Toyota,mobile,15,87.0995,5.806633333333334,0,0,0,0.0,0.0,0.0,0.0
2024-01-27,AmericanExpress,display,149,1016.6694,6.823284563758389,0,0,17,0.0,0.0,0.0,0.0
2024-01-27,AmericanExpress,mobile,91,601.2488,6.60712967032967,0,0,10,0.0,0.0,0.0,0.0
2024-01-27,AmericanExpress,native,37,265.6944,7.180929729729729,0,0,2,0.0,0.0,0.0,0.0
2024-01-27,Netflix,display,288,1548.8604,5.3779875,0,0,75,0.0,0.0,0.0,0.0
2024-01-27,Netflix,mobile,202,1031.3109,5.105499504950495,0,0,50,0.0,0.0,0.0,0.0
2024-01-27,Nike,display,35,209.3122,5.980348571428571,0,0,3,0.0,0.0,0.0,0.0
2024-01-27,Nike,mobile,29,177.2388,6.11168275862069,0,0,1,0.0,0.0,0.0,0.0
2024-01-27,Toyota,display,18,114.4693,6.359405555555556,0,0,0,0.0,0.0,0.0,0.0
2024-01-27,Toyota,mobile,8,49.0041,6.1255125,0,0,0,0.0,0.0,0.0,0.0
2024-01-28,AmericanExpress,display,130,868.7406,6.68262,0,0,12,0.0,0.0,0.0,0.0
2024-01-28,AmericanExpress,mobile,80,535.5232,6.694039999999999,0,0,7,0.0,0.0,0.0,0.0
2024-01-28,AmericanExpress,native,49,352.5562,7.195024489795919,0,0,4,0.0,0.0,0.0,0.0
2024-01-28,Netflix,display,346,1757.9438,5.080762427745665,0,0,86,0.0,0.0,0.0,0.0
2024-01-28,Netflix,mobile,194,1001.4516,5.162121649484536,0,0,49,0.0,0.0,0.0,0.0
2024-01-28,Nike,display,31,189.6322,6.117167741935484,0,0,4,0.0,0.0,0.0,0.0
2024-01-28,Nike,mobile,25,154.3096,6.172383999999999,0,0,3,0.0,0.0,0.0,0.0
2024-01-28,Toyota,display,22,140.421,6.382772727272727,0,0,0,0.0,0.0,0.0,0.0
2024-01-28,Toyota,mobile,13,89.6804,6.898492307692308,0,0,0,0.0,0.0,0.0,0.0
2024-01-29,AmericanExpress,display,126,859.0427999999999,6.817799999999999,0,0,18,0.0,0.0,0.0,0.0
2024-01-29,AmericanExpress,mobile,72,476.4697,6.617634722222222,0,0,5,0.0,0.0,0.0,0.0
2024-01-29,AmericanExpress,native,27,203.9516,7.5537629629629635,0,0,5,0.0,0.0,0.0,0.0
2024-01-29,Netflix,display,296,1574.3038999999999,5.318594256756756,0,0,80,0.0,0.0,0.0,0.0
2024-01-29,Netflix,mobile,198,1059.9946,5.353508080808081,0,0,54,0.0,0.0,0.0,0.0
2024-01-29,Nike,display,27,164.4015,6.0889444444444445,0,0,3,0.0,0.0,0.0,0.0
2024-01-29,Nike,mobile,25,149.9063,5.996251999999999,0,0,1,0.0,0.0,0.0,0.0
2024-01-29,Toyota,display,14,91.36789999999999,6.526278571428571,0,0,0,0.0,0.0,0.0,0.0
2024-01-29,Toyota,mobile,11,74.4205,6.7655,0,0,0,0.0,0.0,0.0,0.0
2024-01-30,AmericanExpress,display,118,776.6788,6.582023728813559,0,0,6,0.0,0.0,0.0,0.0
2024-01-30,AmericanExpress,mobile,91,607.126,6.671714285714286,0,0,7,0.0,0.0,0.0,0.0
2024-01-30,AmericanExpress,native,35,261.0609,7.458882857142857,0,0,3,0.0,0.0,0.0,0.0
2024-01-30,Netflix,display,308,1511.4229,4.907217207792208,0,0,72,0.0,0.0,0.0,0.0
2024-01-30,Netflix,mobile,191,1009.6251,5.285995287958115,0,0,53,0.0,0.0,0.0,0.0
2024-01-30,Nike,display,28,165.8751,5.924110714285715,0,0,1,0.0,0.0,0.0,0.0
2024-01-30,Nike,mobile,21,127.5165,6.072214285714286,0,0,1,0.0,0.0,0.0,0.0
2024-01-30,Toyota,display,26,156.9986,6.038407692307692,0,0,0,0.0,0.0,0.0,0.0
2024-01-30,Toyota,mobile,16,97.9828,6.123925,0,0,0,0.0,0.0,0.0,0.0
2024-01-31,AmericanExpress,display,121,805.1979,6.654528099173554,0,0,13,0.0,0.0,0.0,0.0
2024-01-31,AmericanExpress,mobile,78,532.9509,6.832703846153847,0,0,8,0.0,0.0,0.0,0.0
2024-01-31,AmericanExpress,native,39,305.3622,7.8298,0,0,2,0.0,0.0,0.0,0.0
2024-01-31,Netflix,display,288,1373.5167,4.769155208333333,1,0,58,0.003472222222222222,0.0,0.0,0.0
2024-01-31,Netflix,mobile,208,1031.2573,4.957967788461539,0,0,44,0.0,0.0,0.0,0.0
2024-01-31,Nike,display,33,188.9313,5.725190909090909,0,0,0,0.0,0.0,0.0,0.0
2024-01-31,Nike,mobile,27,161.3398,5.975548148148148,0,0,1,0.0,0.0,0.0,0.0
2024-01-31,Toyota,display,30,198.3733,6.612443333333333,0,0,0,0.0,0.0,0.0,0.0
2024-01-31,Toyota,mobile,15,94.1405,6.276033333333333,0,0,0,0.0,0.0,0.0,0.0
2024-02-01,AmericanExpress,display,148,1017.8598,6.877431081081081,0,0,19,0.0,0.0,0.0,0.0
2024-02-01,AmericanExpress,mobile,88,583.9909,6.636260227272728,0,0,8,0.0,0.0,0.0,0.0
2024-02-01,AmericanExpress,native,33,235.8033,7.145554545454545,0,0,3,0.0,0.0,0.0,0.0
2024-02-01,Netflix,display,312,1555.5904,4.9858666666666664,0,0,71,0.0,0.0,0.0,0.0
2024-02-01,Netflix,mobile,207,1057.6694,5.109514009661836,0,0,48,0.0,0.0,0.0,0.0
2024-02-01,Nike,display,27,159.5726,5.910096296296296,0,0,1,0.0,0.0,0.0,0.0
2024-02-01,Nike,mobile,12,74.6617,6.221808333333333,0,0,1,0.0,0.0,0.0,0.0
2024-02-01,Toyota,display,25,157.662,6.3064800000000005,0,0,0,0.0,0.0,0.0,0.0
2024-02-01,Toyota,mobile,22,136.2685,6.194022727272727,0,0,0,0.0,0.0,0.0,0.0
2024-02-02,AmericanExpress,display,144,975.5689,6.774784027777778,0,0,19,0.0,0.0,0.0,0.0
2024-02-02,AmericanExpress,mobile,98,653.5609,6.668988775510203,0,0,9,0.0,0.0,0.0,0.0
2024-02-02,AmericanExpress,native,28,224.4039,8.014425,0,0,1,0.0,0.0,0.0,0.0
2024-02-02,Netflix,display,324,1641.9514,5.0677512345679006,0,0,81,0.0,0.0,0.0,0.0
2024-02-02,Netflix,mobile,186,988.2436,5.313137634408602,0,0,48,0.0,0.0,0.0,0.0
2024-02-02,Nike,display,21,118.9533,5.664442857142857,0,0,0,0.0,0.0,0.0,0.0
2024-02-02,Nike,mobile,22,132.8563,6.038922727272728,0,0,0,0.0,0.0,0.0,0.0
2024-02-02,Toyota,display,16,97.8246,6.1140375,0,0,0,0.0,0.0,0.0,0.0
2024-02-02,Toyota,mobile,16,99.1061,6.19413125,0,0,0,0.0,0.0,0.0,0.0
2024-02-03,AmericanExpress,display,146,977.0464,6.692098630136986,0,0,13,0.0,0.0,0.0,0.0
2024-02-03,AmericanExpress,mobile,85,549.4675,6.4643235294117645,0,0,4,0.0,0.0,0.0,0.0
2024-02-03,AmericanExpress,native,42,314.6556,7.4918,0,0,2,0.0,0.0,0.0,0.0
2024-02-03,Netflix,display,329,1764.9621,5.364626443768997,0,0,88,0.0,0.0,0.0,0.0
2024-02-03,Netflix,mobile,225,1098.3944,4.881752888888888,0,0,38,0.0,0.0,0.0,0.0
2024-02-03,Nike,display,29,176.5819,6.089031034482758,0,0,1,0.0,0.0,0.0,0.0
2024-02-03,Nike,mobile,24,144.507,6.0211250000000005,0,0,1,0.0,0.0,0.0,0.0
2024-02-03,Toyota,display,25,160.6028,6.424112,0,0,0,0.0,0.0,0.0,0.0
2024-02-03,Toyota,mobile,12,80.2979,6.691491666666667,0,0,0,0.0,0.0,0.0,0.0
2024-02-04,AmericanExpress,display,152,1022.431,6.726519736842105,0,0,18,0.0,0.0,0.0,0.0
2024-02-04,AmericanExpress,mobile,92,599.512,6.5164347826086955,0,0,5,0.0,0.0,0.0,0.0
2024-02-04,AmericanExpress,native,48,338.0402,7.042504166666667,0,0,2,0.0,0.0,0.0,0.0
2024-02-04,Netflix,display,322,1765.3948,5.482592546583851,0,0,99,0.0,0.0,0.0,0.0
2024-02-04,Netflix,mobile,222,1128.4545,5.083128378378379,1,0,54,0.0045045045045045045,0.0,0.0,0.0
2024-02-04,Nike,display,29,171.3759,5.909513793103448,0,0,1,0.0,0.0,0.0,0.0
2024-02-04,Nike,mobile,23,138.7946,6.034547826086957,0,0,1,0.0,0.0,0.0,0.0
2024-02-04,Toyota,display,24,155.2212,6.46755,0,0,0,0.0,0.0,0.0,0.0
2024-02-04,Toyota,mobile,15,90.9112,6.060746666666666,0,0,0,0.0,0.0,0.0,0.0
2024-02-05,AmericanExpress,display,150,996.0108,6.640072,0,0,16,0.0,0.0,0.0,0.0
2024-02-05,AmericanExpress,mobile,90,619.6967,6.885518888888888,0,0,9,0.0,0.0,0.0,0.0
2024-02-05,AmericanExpress,native,35,257.4867,7.356762857142857,0,0,3,0.0,0.0,0.0,0.0
2024-02-05,Netflix,display,302,1513.1403,5.010398344370861,1,0,73,0.0033112582781456954,0.0,0.0,0.0
2024-02-05,Netflix,mobile,196,1017.2586,5.190094897959184,0,0,55,0.0,0.0,0.0,0.0
2024-02-05,Nike,display,35,207.1029,5.917225714285714,0,0,2,0.0,0.0,0.0,0.0
2024-02-05,Nike,mobile,17,98.0156,5.765623529411765,0,0,0,0.0,0.0,0.0,0.0
2024-02-05,Toyota,display,16,106.12,6.6325,0,0,0,0.0,0.0,0.0,0.0
2024-02-05,Toyota,mobile,5,29.0818,5.81636,0,0,0,0.0,0.0,0.0,0.0
2024-02-06,AmericanExpress,display,143,971.2593,6.792023076923077,1,0,16,0.006993006993006993,0.0,0.0,0.0
2024-02-06,AmericanExpress,mobile,106,711.5824,6.713041509433962,0,0,10,0.0,0.0,0.0,0.0
2024-02-06,AmericanExpress,native,31,221.61769999999999,7.148958064516129,0,0,0,0.0,0.0,0.0,0.0
2024-02-06,Netflix,display,349,1830.3785,5.244637535816619,0,0,89,0.0,0.0,0.0,0.0
2024-02-06,Netflix,mobile,213,1222.3692,5.738822535211268,0,0,76,0.0,0.0,0.0,0.0
2024-02-06,Nike,display,49,292.0,5.959183673469388,0,0,2,0.0,0.0,0.0,0.0
2024-02-06,Nike,mobile,15,92.1474,6.14316,0,0,0,0.0,0.0,0.0,0.0
2024-02-06,Toyota,display,28,176.3319,6.297567857142857,0,0,0,0.0,0.0,0.0,0.0
2024-02-06,Toyota,mobile,16,110.8178,6.9261125,0,0,0,0.0,0.0,0.0,0.0
2024-02-07,AmericanExpress,display,137,896.7974,6.545966423357664,0,0,9,0.0,0.0,0.0,0.0
2024-02-07,AmericanExpress,mobile,93,614.6267,6.608889247311828,0,0,9,0.0,0.0,0.0,0.0
2024-02-07,AmericanExpress,native,38,290.5256,7.645410526315789,0,0,4,0.0,0.0,0.0,0.0
2024-02-07,Netflix,display,300,1497.6998,4.992332666666667,0,0,75,0.0,0.0,0.0,0.0
2024-02-07,Netflix,mobile,189,977.7708,5.173390476190476,1,0,52,0.005291005291005291,0.0,0.0,0.0
2024-02-07,Nike,display,26,154.2713,5.933511538461539,0,0,1,0.0,0.0,0.0,0.0
2024-02-07,Nike,mobile,17,104.2902,6.134717647058824,0,0,2,0.0,0.0,0.0,0.0
2024-02-07,Toyota,display,32,200.9097,6.278428125,0,0,0,0.0,0.0,0.0,0.0
2024-02-07,Toyota,mobile,22,145.1932,6.599690909090909,0,0,0,0.0,0.0,0.0,0.0
2024-02-08,AmericanExpress,display,144,950.8761,6.603306249999999,0,0,12,0.0,0.0,0.0,0.0
2024-02-08,AmericanExpress,mobile,102,662.3122,6.493256862745097,0,0,8,0.0,0.0,0.0,0.0
2024-02-08,AmericanExpress,native,28,202.5083,7.232439285714285,0,0,4,0.0,0.0,0.0,0.0
2024-02-08,Netflix,display,354,1935.6199,5.467852824858757,0,0,103,0.0,0.0,0.0,0.0
2024-02-08,Netflix,mobile,208,1075.0528,5.168523076923076,0,0,58,0.0,0.0,0.0,0.0
2024-02-08,Nike,display,35,213.73,6.106571428571428,0,0,2,0.0,0.0,0.0,0.0
2024-02-08,Nike,mobile,22,129.4359,5.88345,0,0,1,0.0,0.0,0.0,0.0
2024-02-08,Toyota,display,17,108.8439,6.4025823529411765,0,0,0,0.0,0.0,0.0,0.0
2024-02-08,Toyota,mobile,11,70.9641,6.451281818181818,0,0,0,0.0,0.0,0.0,0.0
2024-02-09,AmericanExpress,display,135,915.5949,6.782184444444445,0,0,16,0.0,0.0,0.0,0.0
2024-02-09,AmericanExpress,mobile,87,598.5152,6.879485057471265,0,0,10,0.0,0.0,0.0,0.0
2024-02-09,AmericanExpress,native,40,293.1368,7.3284199999999995,0,0,4,0.0,0.0,0.0,0.0
2024-02-09,Netflix,display,329,1659.011,5.042586626139817,0,0,75,0.0,0.0,0.0,0.0
2024-02-09,Netflix,mobile,233,1182.5846999999999,5.075470815450643,0,0,58,0.0,0.0,0.0,0.0
2024-02-09,Nike,display,34,211.3364,6.215776470588235,0,0,3,0.0,0.0,0.0,0.0
2024-02-09,Nike,mobile,12,69.0334,5.752783333333333,0,0,0,0.0,0.0,0.0,0.0
2024-02-09,Toyota,display,22,140.2221,6.3737318181818186,0,0,0,0.0,0.0,0.0,0.0
2024-02-09,Toyota,mobile,15,97.4195,6.494633333333334,0,0,0,0.0,0.0,0.0,0.0
2024-02-10,AmericanExpress,display,134,892.0643,6.657196268656716,0,0,11,0.0,0.0,0.0,0.0
2024-02-10,AmericanExpress,mobile,99,668.5086,6.752612121212121,0,0,11,0.0,0.0,0.0,0.0
2024-02-10,AmericanExpress,native,30,216.5729,7.219096666666667,0,0,1,0.0,0.0,0.0,0.0
2024-02-10,Netflix,display,281,1520.4006,5.410678291814946,1,0,79,0.0035587188612099642,0.0,0.0,0.0
2024-02-10,Netflix,mobile,218,1117.2184,5.124855045871559,0,0,53,0.0,0.0,0.0,0.0
2024-02-10,Nike,display,27,163.0598,6.039251851851851,0,0,1,0.0,0.0,0.0,0.0
2024-02-10,Nike,mobile,17,99.5115,5.853617647058823,0,0,1,0.0,0.0,0.0,0.0
2024-02-10,Toyota,display,28,175.99530000000001,6.285546428571429,0,0,0,0.0,0.0,0.0,0.0
2024-02-10,Toyota,mobile,16,102.1402,6.3837625,0,0,0,0.0,0.0,0.0,0.0
2024-02-11,AmericanExpress,display,110,732.0754,6.655230909090909,0,0,7,0.0,0.0,0.0,0.0
2024-02-11,AmericanExpress,mobile,88,610.5481,6.9380465909090905,0,0,14,0.0,0.0,0.0,0.0
2024-02-11,AmericanExpress,native,30,238.7167,7.957223333333333,0,0,3,0.0,0.0,0.0,0.0
2024-02-11,Netflix,display,311,1592.8234,5.121618649517685,0,0,79,0.0,0.0,0.0,0.0
2024-02-11,Netflix,mobile,235,1172.6766,4.990113191489362,1,0,56,0.00425531914893617,0.0,0.0,0.0
2024-02-11,Nike,display,35,216.3358,6.181022857142858,0,0,3,0.0,0.0,0.0,0.0
2024-02-11,Nike,mobile,14,76.87,5.490714285714286,0,0,0,0.0,0.0,0.0,0.0
2024-02-11,Toyota,display,16,114.6416,7.1651,0,0,0,0.0,0.0,0.0,0.0
2024-02-11,Toyota,mobile,17,102.2038,6.011988235294118,0,0,0,0.0,0.0,0.0,0.0
2024-02-12,AmericanExpress,display,131,847.9209,6.472678625954198,0,0,8,0.0,0.0,0.0,0.0
2024-02-12,AmericanExpress,mobile,95,636.6225,6.70128947368421,0,0,11,0.0,0.0,0.0,0.0
2024-02-12,AmericanExpress,native,40,296.753,7.418825,1,0,3,0.025,0.0,0.0,0.0
2024-02-12,Netflix,display,323,1693.1004,5.241796904024768,0,0,90,0.0,0.0,0.0,0.0
2024-02-12,Netflix,mobile,209,1188.4581,5.6864023923444975,2,0,68,0.009569377990430622,0.0,0.0,0.0
2024-02-12,Nike,display,29,166.0339,5.725306896551723,0,0,0,0.0,0.0,0.0,0.0
2024-02-12,Nike,mobile,17,106.2514,6.250082352941177,0,0,1,0.0,0.0,0.0,0.0
2024-02-12,Toyota,display,33,225.5795,6.835742424242424,0,0,0,0.0,0.0,0.0,0.0
2024-02-12,Toyota,mobile,18,109.081,6.0600555555555555,0,0,0,0.0,0.0,0.0,0.0
2024-02-13,AmericanExpress,display,144,988.7686,6.866448611111111,0,0,17,0.0,0.0,0.0,0.0
2024-02-13,AmericanExpress,mobile,93,590.5942,6.350475268817204,0,0,4,0.0,0.0,0.0,0.0
2024-02-13,AmericanExpress,native,29,216.9276,7.4802620689655175,0,0,0,0.0,0.0,0.0,0.0
2024-02-13,Netflix,display,309,1548.8881,5.012582847896439,0,0,75,0.0,0.0,0.0,0.0
2024-02-13,Netflix,mobile,230,1219.484,5.302104347826087,0,0,65,0.0,0.0,0.0,0.0
2024-02-13,Nike,display,29,168.6418,5.81523448275862,0,0,0,0.0,0.0,0.0,0.0
2024-02-13,Nike,mobile,15,90.387,6.0258,0,0,1,0.0,0.0,0.0,0.0
2024-02-13,Toyota,display,30,188.4761,6.282536666666667,0,0,0,0.0,0.0,0.0,0.0
2024-02-13,Toyota,mobile,9,54.4689,6.052099999999999,0,0,0,0.0,0.0,0.0,0.0
2024-02-14,AmericanExpress,display,120,830.9904,6.92492,0,0,15,0.0,0.0,0.0,0.0
2024-02-14,AmericanExpress,mobile,83,531.2059,6.40007108433735,0,0,6,0.0,0.0,0.0,0.0
2024-02-14,AmericanExpress,native,38,280.7473,7.388086842105263,0,0,2,0.0,0.0,0.0,0.0
2024-02-14,Netflix,display,329,1665.7613,5.063104255319149,1,0,83,0.00303951367781155,0.0,0.0,0.0
2024-02-14,Netflix,mobile,176,913.4911,5.19029034090909,0,0,46,0.0,0.0,0.0,0.0
2024-02-14,Nike,display,33,193.99360000000001,5.87859393939394,0,0,1,0.0,0.0,0.0,0.0
2024-02-14,Nike,mobile,20,118.0884,5.90442,0,0,1,0.0,0.0,0.0,0.0
2024-02-14,Toyota,display,31,189.25900000000001,6.105129032258065,0,0,0,0.0,0.0,0.0,0.0
2024-02-14,Toyota,mobile,13,80.0763,6.159715384615385,0,0,0,0.0,0.0,0.0,0.0
2024-02-15,AmericanExpress,display,130,890.325,6.848653846153846,0,0,14,0.0,0.0,0.0,0.0
2024-02-15,AmericanExpress,mobile,79,516.8676,6.542627848101266,0,0,8,0.0,0.0,0.0,0.0
2024-02-15,AmericanExpress,native,48,360.6339,7.51320625,0,0,2,0.0,0.0,0.0,0.0
2024-02-15,Netflix,display,308,1641.1321,5.328350974025974,0,0,87,0.0,0.0,0.0,0.0
2024-02-15,Netflix,mobile,204,1086.9394,5.32813431372549,0,0,58,0.0,0.0,0.0,0.0
2024-02-15,Nike,display,26,161.6152,6.215969230769231,0,0,3,0.0,0.0,0.0,0.0
2024-02-15,Nike,mobile,20,118.5581,5.927905,0,0,1,0.0,0.0,0.0,0.0
2024-02-15,Toyota,display,22,131.1547,5.961577272727272,0,0,0,0.0,0.0,0.0,0.0
2024-02-15,Toyota,mobile,17,106.4431,6.261358823529412,0,0,0,0.0,0.0,0.0,0.0
2024-02-16,AmericanExpress,display,127,857.5245,6.752161417322834,0,0,11,0.0,0.0,0.0,0.0
2024-02-16,AmericanExpress,mobile,88,600.642,6.825477272727273,0,0,11,0.0,0.0,0.0,0.0
2024-02-16,AmericanExpress,native,38,275.2505,7.243434210526315,0,0,1,0.0,0.0,0.0,0.0
2024-02-16,Netflix,display,314,1645.1069,5.239193949044586,0,0,85,0.0,0.0,0.0,0.0
2024-02-16,Netflix,mobile,198,1059.5871,5.35145,0,0,57,0.0,0.0,0.0,0.0
2024-02-16,Nike,display,26,159.799,6.146115384615385,0,0,3,0.0,0.0,0.0,0.0
2024-02-16,Nike,mobile,20,124.6402,6.23201,0,0,2,0.0,0.0,0.0,0.0
2024-02-16,Toyota,display,23,155.6384,6.766886956521739,0,0,0,0.0,0.0,0.0,0.0
2024-02-16,Toyota,mobile,9,60.188900000000004,6.687655555555556,0,0,0,0.0,0.0,0.0,0.0
2024-02-17,AmericanExpress,display,154,1037.4896,6.736945454545455,1,0,14,0.006493506493506494,0.0,0.0,0.0
2024-02-17,AmericanExpress,mobile,86,602.1605,7.001866279069767,1,0,12,0.011627906976744186,0.0,0.0,0.0
2024-02-17,AmericanExpress,native,29,221.67090000000002,7.643824137931035,0,0,1,0.0,0.0,0.0,0.0
2024-02-17,Netflix,display,317,1624.9061,5.125886750788643,0,0,85,0.0,0.0,0.0,0.0
2024-02-17,Netflix,mobile,247,1288.4327,5.216326720647774,0,0,67,0.0,0.0,0.0,0.0
2024-02-17,Nike,display,30,174.1874,5.806246666666667,0,0,0,0.0,0.0,0.0,0.0
2024-02-17,Nike,mobile,22,130.0353,5.910695454545455,0,0,1,0.0,0.0,0.0,0.0
2024-02-17,Toyota,display,20,117.8753,5.893765,0,0,0,0.0,0.0,0.0,0.0
2024-02-17,Toyota,mobile,18,115.4442,6.413566666666666,0,0,0,0.0,0.0,0.0,0.0
2024-02-18,AmericanExpress,display,115,799.6668999999999,6.953625217391304,1,1,15,0.008695652173913044,1.0,55.62900173913043,0.06956521739130435
2024-02-18,AmericanExpress,mobile,87,599.448,6.890206896551724,0,0,12,0.0,0.0,0.0,0.0
2024-02-18,AmericanExpress,native,44,350.0566,7.955831818181818,0,0,5,0.0,0.0,0.0,0.0
2024-02-18,Netflix,display,304,1615.2426,5.313298026315789,0,0,84,0.0,0.0,0.0,0.0
2024-02-18,Netflix,mobile,209,1098.3834,5.255422966507177,0,0,62,0.0,0.0,0.0,0.0
2024-02-18,Nike,display,33,199.7817,6.053990909090909,0,0,2,0.0,0.0,0.0,0.0
2024-02-18,Nike,mobile,18,110.8193,6.156627777777778,0,0,1,0.0,0.0,0.0,0.0
2024-02-18,Toyota,display,25,151.9767,6.0790679999999995,1,0,0,0.04,0.0,0.0,0.0
2024-02-18,Toyota,mobile,18,111.965,6.220277777777778,0,0,0,0.0,0.0,0.0,0.0
2024-02-19,AmericanExpress,display,124,800.354,6.454467741935484,0,0,7,0.0,0.0,0.0,0.0
2024-02-19,AmericanExpress,mobile,88,585.1632,6.649581818181818,0,0,12,0.0,0.0,0.0,0.0
2024-02-19,AmericanExpress,native,36,266.6465,7.406847222222222,0,0,4,0.0,0.0,0.0,0.0
2024-02-19,Netflix,display,299,1547.6398,5.176052842809364,1,0,77,0.0033444816053511705,0.0,0.0,0.0
2024-02-19,Netflix,mobile,201,1028.4709,5.116770646766169,0,0,50,0.0,0.0,0.0,0.0
2024-02-19,Nike,display,25,150.5358,6.021432,0,0,1,0.0,0.0,0.0,0.0
2024-02-19,Nike,mobile,11,68.5637,6.233063636363636,0,0,1,0.0,0.0,0.0,0.0
2024-02-19,Toyota,display,16,106.1852,6.636575,0,0,0,0.0,0.0,0.0,0.0
2024-02-19,Toyota,mobile,19,117.8061,6.200321052631579,0,0,0,0.0,0.0,0.0,0.0
2024-02-20,AmericanExpress,display,142,916.7067,6.455680985915492,0,0,8,0.0,0.0,0.0,0.0
2024-02-20,AmericanExpress,mobile,89,634.0748,7.12443595505618,0,0,14,0.0,0.0,0.0,0.0
2024-02-20,AmericanExpress,native,45,341.6891,7.593091111111111,0,0,4,0.0,0.0,0.0,0.0
2024-02-20,Netflix,display,302,1543.7602,5.111788741721854,0,0,76,0.0,0.0,0.0,0.0
2024-02-20,Netflix,mobile,207,1165.5022,5.630445410628019,0,0,72,0.0,0.0,0.0,0.0
2024-02-20,Nike,display,26,148.8588,5.7253384615384615,0,0,0,0.0,0.0,0.0,0.0
2024-02-20,Nike,mobile,14,87.0566,6.218328571428572,0,0,2,0.0,0.0,0.0,0.0
2024-02-20,Toyota,display,19,115.8184,6.095705263157894,0,0,0,0.0,0.0,0.0,0.0
2024-02-20,Toyota,mobile,21,133.9901,6.380480952380953,0,0,0,0.0,0.0,0.0,0.0
2024-02-21,AmericanExpress,display,135,903.4249,6.692036296296296,0,0,7,0.0,0.0,0.0,0.0
2024-02-21,AmericanExpress,mobile,98,663.7724,6.7731877551020405,0,0,10,0.0,0.0,0.0,0.0
2024-02-21,AmericanExpress,native,33,228.8572,6.935066666666667,0,0,1,0.0,0.0,0.0,0.0
2024-02-21,Netflix,display,315,1612.2866999999999,5.118370476190476,0,0,81,0.0,0.0,0.0,0.0
2024-02-21,Netflix,mobile,213,1081.3459,5.076741314553991,0,0,50,0.0,0.0,0.0,0.0
2024-02-21,Nike,display,30,184.7707,6.159023333333334,0,0,4,0.0,0.0,0.0,0.0
2024-02-21,Nike,mobile,22,126.0175,5.728068181818181,0,0,0,0.0,0.0,0.0,0.0
2024-02-21,Toyota,display,22,137.364,6.243818181818182,0,0,0,0.0,0.0,0.0,0.0
2024-02-21,Toyota,mobile,14,99.5305,7.109321428571429,0,0,0,0.0,0.0,0.0,0.0
2024-02-22,AmericanExpress,display,139,938.237,6.749906474820143,0,0,16,0.0,0.0,0.0,0.0
2024-02-22,AmericanExpress,mobile,90,586.14,6.512666666666666,0,0,8,0.0,0.0,0.0,0.0
2024-02-22,AmericanExpress,native,38,291.1963,7.66306052631579,0,0,3,0.0,0.0,0.0,0.0
2024-02-22,Netflix,display,331,1734.004,5.238682779456193,0,0,82,0.0,0.0,0.0,0.0
2024-02-22,Netflix,mobile,234,1192.7547,5.097242307692308,0,0,59,0.0,0.0,0.0,0.0
2024-02-22,Nike,display,25,146.9349,5.877396,0,0,2,0.0,0.0,0.0,0.0
2024-02-22,Nike,mobile,21,122.1991,5.819004761904762,0,0,0,0.0,0.0,0.0,0.0
2024-02-22,Toyota,display,25,159.5078,6.380312,0,0,0,0.0,0.0,0.0,0.0
2024-02-22,Toyota,mobile,5,31.2635,6.2527,0,0,0,0.0,0.0,0.0,0.0
2024-02-23,AmericanExpress,display,104,713.4369,6.859970192307693,0,0,12,0.0,0.0,0.0,0.0
2024-02-23,AmericanExpress,mobile,91,618.138,6.792725274725275,0,0,9,0.0,0.0,0.0,0.0
2024-02-23,AmericanExpress,native,43,325.0932,7.560306976744187,0,0,2,0.0,0.0,0.0,0.0
2024-02-23,Netflix,display,322,1601.3705,4.973200310559006,0,0,84,0.0,0.0,0.0,0.0
2024-02-23,Netflix,mobile,205,1099.6095,5.363948780487805,0,0,55,0.0,0.0,0.0,0.0
2024-02-23,Nike,display,20,122.937,6.14685,0,0,1,0.0,0.0,0.0,0.0
2024-02-23,Nike,mobile,24,147.3913,6.141304166666667,1,1,2,0.041666666666666664,1.0,49.130433333333336,0.33333333333333337
2024-02-23,Toyota,display,20,122.0576,6.10288,0,0,0,0.0,0.0,0.0,0.0
2024-02-23,Toyota,mobile,24,158.8179,6.6174125,0,0,0,0.0,0.0,0.0,0.0
2024-02-24,AmericanExpress,display,123,839.7532,6.827261788617886,0,0,13,0.0,0.0,0.0,0.0
2024-02-24,AmericanExpress,mobile,97,670.2997,6.910306185567011,0,0,12,0.0,0.0,0.0,0.0
2024-02-24,AmericanExpress,native,35,249.08350000000002,7.116671428571429,0,0,2,0.0,0.0,0.0,0.0
2024-02-24,Netflix,display,320,1607.1588,5.02237125,0,0,83,0.0,0.0,0.0,0.0
2024-02-24,Netflix,mobile,214,1055.1408,4.930564485981308,0,0,49,0.0,0.0,0.0,0.0
2024-02-24,Nike,display,30,181.3666,6.045553333333333,0,0,3,0.0,0.0,0.0,0.0
2024-02-24,Nike,mobile,19,117.3864,6.1782315789473685,0,0,3,0.0,0.0,0.0,0.0
2024-02-24,Toyota,display,25,160.0354,6.401416,0,0,0,0.0,0.0,0.0,0.0
2024-02-24,Toyota,mobile,12,71.7422,5.978516666666667,0,0,0,0.0,0.0,0.0,0.0
2024-02-25,AmericanExpress,display,127,846.2823999999999,6.663640944881889,0,0,13,0.0,0.0,0.0,0.0
2024-02-25,AmericanExpress,mobile,78,526.6082,6.75138717948718,0,0,7,0.0,0.0,0.0,0.0
2024-02-25,AmericanExpress,native,38,290.8993,7.655244736842104,0,0,2,0.0,0.0,0.0,0.0
2024-02-25,Netflix,display,337,1736.327,5.152305637982196,0,0,93,0.0,0.0,0.0,0.0
2024-02-25,Netflix,mobile,194,949.5645,4.894662371134021,0,0,47,0.0,0.0,0.0,0.0
2024-02-25,Nike,display,20,114.148,5.7074,0,0,0,0.0,0.0,0.0,0.0
2024-02-25,Nike,mobile,19,113.1949,5.957626315789474,0,0,1,0.0,0.0,0.0,0.0
2024-02-25,Toyota,display,19,118.8272,6.254063157894737,0,0,0,0.0,0.0,0.0,0.0
2024-02-25,Toyota,mobile,18,111.7257,6.2069833333333335,0,0,0,0.0,0.0,0.0,0.0
2024-02-26,AmericanExpress,display,126,851.722,6.7596984126984125,0,0,11,0.0,0.0,0.0,0.0
2024-02-26,AmericanExpress,mobile,111,753.8153,6.791128828828828,0,0,14,0.0,0.0,0.0,0.0
2024-02-26,AmericanExpress,native,32,233.9565,7.311140625,0,0,1,0.0,0.0,0.0,0.0
2024-02-26,Netflix,display,328,1656.0307,5.048874085365854,1,0,74,0.003048780487804878,0.0,0.0,0.0
2024-02-26,Netflix,mobile,217,1093.5919,5.039594009216589,0,0,55,0.0,0.0,0.0,0.0
2024-02-26,Nike,display,31,186.9547,6.030796774193549,0,0,1,0.0,0.0,0.0,0.0
2024-02-26,Nike,mobile,17,99.5397,5.855276470588235,0,0,1,0.0,0.0,0.0,0.0
2024-02-26,Toyota,display,27,170.6988,6.322177777777778,0,0,0,0.0,0.0,0.0,0.0
2024-02-26,Toyota,mobile,16,103.7257,6.48285625,0,0,0,0.0,0.0,0.0,0.0
2024-02-27,AmericanExpress,display,133,914.3101,6.874512030075188,0,0,18,0.0,0.0,0.0,0.0
2024-02-27,AmericanExpress,mobile,94,618.6808,6.5817106382978725,0,0,6,0.0,0.0,0.0,0.0
2024-02-27,AmericanExpress,native,42,301.7715,7.185035714285714,0,0,3,0.0,0.0,0.0,0.0
2024-02-27,Netflix,display,319,1657.7933,5.196844200626959,0,0,83,0.0,0.0,0.0,0.0
2024-02-27,Netflix,mobile,200,1013.1591999999999,5.065796,0,0,46,0.0,0.0,0.0,0.0
2024-02-27,Nike,display,36,207.9399,5.776108333333333,0,0,2,0.0,0.0,0.0,0.0
2024-02-27,Nike,mobile,28,164.9104,5.889657142857144,0,0,0,0.0,0.0,0.0,0.0
2024-02-27,Toyota,display,28,172.3177,6.154203571428572,0,0,0,0.0,0.0,0.0,0.0
2024-02-27,Toyota,mobile,16,103.4563,6.46601875,0,0,0,0.0,0.0,0.0,0.0
2024-02-28,AmericanExpress,display,124,844.6436,6.811641935483871,0,0,15,0.0,0.0,0.0,0.0
2024-02-28,AmericanExpress,mobile,96,677.6609,7.058967708333333,0,0,14,0.0,0.0,0.0,0.0
2024-02-28,AmericanExpress,native,39,289.6026,7.425707692307692,0,0,4,0.0,0.0,0.0,0.0
2024-02-28,Netflix,display,296,1584.7361,5.353838175675676,1,0,90,0.0033783783783783786,0.0,0.0,0.0
2024-02-28,Netflix,mobile,221,1132.8985,5.126237556561086,1,0,57,0.004524886877828055,0.0,0.0,0.0
2024-02-28,Nike,display,35,206.3076,5.894502857142857,0,0,1,0.0,0.0,0.0,0.0
2024-02-28,Nike,mobile,20,115.8571,5.792855,0,0,1,0.0,0.0,0.0,0.0
2024-02-28,Toyota,display,20,132.7363,6.636815,0,0,0,0.0,0.0,0.0,0.0
2024-02-28,Toyota,mobile,21,130.0479,6.192757142857142,0,0,0,0.0,0.0,0.0,0.0
2024-02-29,AmericanExpress,display,135,908.4521,6.729274814814815,1,0,11,0.007407407407407408,0.0,0.0,0.0
2024-02-29,AmericanExpress,mobile,87,594.0636,6.82831724137931,0,0,11,0.0,0.0,0.0,0.0
2024-02-29,AmericanExpress,native,35,270.5899,7.73114,0,0,2,0.0,0.0,0.0,0.0
2024-02-29,Netflix,display,320,1663.62,5.1988125,2,0,77,0.00625,0.0,0.0,0.0
2024-02-29,Netflix,mobile,210,1121.0299,5.338237619047619,0,0,58,0.0,0.0,0.0,0.0
2024-02-29,Nike,display,28,175.1217,6.254346428571429,0,0,4,0.0,0.0,0.0,0.0
2024-02-29,Nike,mobile,22,133.6368,6.0744,0,0,3,0.0,0.0,0.0,0.0
2024-02-29,Toyota,display,16,105.5149,6.59468125,0,0,0,0.0,0.0,0.0,0.0
2024-02-29,Toyota,mobile,14,87.5026,6.250185714285714,0,0,0,0.0,0.0,0.0,0.0
2024-03-01,AmericanExpress,display,121,807.5017,6.673567768595041,0,0,13,0.0,0.0,0.0,0.0
2024-03-01,AmericanExpress,mobile,86,586.41,6.8187209302325575,0,0,9,0.0,0.0,0.0,0.0
2024-03-01,AmericanExpress,native,32,235.7421,7.366940625,1,1,1,0.03125,1.0,58.935525,0.25
2024-03-01,Netflix,display,313,1597.0302,5.102332907348242,0,0,77,0.0,0.0,0.0,0.0
2024-03-01,Netflix,mobile,190,976.6105,5.140055263157895,0,0,50,0.0,0.0,0.0,0.0
2024-03-01,Nike,display,28,166.7117,5.953989285714286,0,0,2,0.0,0.0,0.0,0.0
2024-03-01,Nike,mobile,23,138.2034,6.008843478260869,0,0,2,0.0,0.0,0.0,0.0
2024-03-01,Toyota,display,20,126.545,6.32725,0,0,0,0.0,0.0,0.0,0.0
2024-03-01,Toyota,mobile,13,88.4588,6.8045230769230765,0,0,0,0.0,0.0,0.0,0.0
2024-03-02,AmericanExpress,display,143,946.2225,6.616940559440559,0,0,15,0.0,0.0,0.0,0.0
2024-03-02,AmericanExpress,mobile,73,487.2655,6.674869863013698,0,0,6,0.0,0.0,0.0,0.0
2024-03-02,AmericanExpress,native,38,283.3591,7.456818421052632,0,0,4,0.0,0.0,0.0,0.0
2024-03-02,Netflix,display,315,1570.7724,4.986579047619048,1,0,72,0.0031746031746031746,0.0,0.0,0.0
2024-03-02,Netflix,mobile,194,1097.5887,5.657673711340206,0,0,61,0.0,0.0,0.0,0.0
2024-03-02,Nike,display,30,184.9771,6.1659033333333335,0,0,2,0.0,0.0,0.0,0.0
2024-03-02,Nike,mobile,21,122.5475,5.835595238095238,0,0,0,0.0,0.0,0.0,0.0
2024-03-02,Toyota,display,19,120.8833,6.362278947368421,0,0,0,0.0,0.0,0.0,0.0
2024-03-02,Toyota,mobile,22,137.2728,6.239672727272727,0,0,0,0.0,0.0,0.0,0.0
2024-03-03,AmericanExpress,display,131,872.7651,6.662329007633588,0,0,9,0.0,0.0,0.0,0.0
2024-03-03,AmericanExpress,mobile,75,502.1382,6.695176,0,0,9,0.0,0.0,0.0,0.0
2024-03-03,AmericanExpress,native,40,307.3182,7.682955,0,0,5,0.0,0.0,0.0,0.0
2024-03-03,Netflix,display,286,1458.8353,5.100822727272727,1,1,71,0.0034965034965034965,1.0,40.80658181818182,0.027972027972027972
2024-03-03,Netflix,mobile,215,1109.0895,5.158555813953488,0,0,61,0.0,0.0,0.0,0.0
2024-03-03,Nike,display,24,145.959,6.081625,0,0,2,0.0,0.0,0.0,0.0
2024-03-03,Nike,mobile,15,87.3074,5.820493333333333,0,0,1,0.0,0.0,0.0,0.0
2024-03-03,Toyota,display,19,122.1493,6.428910526315789,0,0,0,0.0,0.0,0.0,0.0
2024-03-03,Toyota,mobile,12,80.8784,6.739866666666667,0,0,0,0.0,0.0,0.0,0.0
2024-03-04,AmericanExpress,display,138,948.3532,6.87212463768116,1,0,16,0.007246376811594203,0.0,0.0,0.0
2024-03-04,AmericanExpress,mobile,94,618.4276,6.579017021276596,0,0,8,0.0,0.0,0.0,0.0
2024-03-04,AmericanExpress,native,32,242.3246,7.57264375,0,0,0,0.0,0.0,0.0,0.0
2024-03-04,Netflix,display,295,1479.0971,5.013888474576271,1,0,73,0.003389830508474576,0.0,0.0,0.0
2024-03-04,Netflix,mobile,224,1169.3186,5.220172321428572,0,0,63,0.0,0.0,0.0,0.0
2024-03-04,Nike,display,33,195.6833,5.9297969696969695,0,0,1,0.0,0.0,0.0,0.0
2024-03-04,Nike,mobile,18,106.6589,5.925494444444444,0,0,1,0.0,0.0,0.0,0.0
2024-03-04,Toyota,display,19,116.4411,6.128478947368421,0,0,0,0.0,0.0,0.0,0.0
2024-03-04,Toyota,mobile,15,96.5163,6.43442,0,0,0,0.0,0.0,0.0,0.0
2024-03-05,AmericanExpress,display,123,827.0185,6.7237276422764225,0,0,10,0.0,0.0,0.0,0.0
2024-03-05,AmericanExpress,mobile,82,540.6319,6.593071951219512,0,0,6,0.0,0.0,0.0,0.0
2024-03-05,AmericanExpress,native,32,234.7809,7.336903125,0,0,3,0.0,0.0,0.0,0.0
2024-03-05,Netflix,display,304,1575.8328,5.183660526315789,1,0,78,0.003289473684210526,0.0,0.0,0.0
2024-03-05,Netflix,mobile,240,1169.7561,4.87398375,0,0,48,0.0,0.0,0.0,0.0
2024-03-05,Nike,display,33,183.2322,5.552490909090909,0,0,0,0.0,0.0,0.0,0.0
2024-03-05,Nike,mobile,21,122.8173,5.8484428571428575,0,0,0,0.0,0.0,0.0,0.0
2024-03-05,Toyota,display,16,110.7442,6.9215125,0,0,0,0.0,0.0,0.0,0.0
2024-03-05,Toyota,mobile,18,112.4565,6.247583333333334,0,0,0,0.0,0.0,0.0,0.0
2024-03-06,AmericanExpress,display,142,968.1884,6.818228169014085,0,0,13,0.0,0.0,0.0,0.0
2024-03-06,AmericanExpress,mobile,85,549.8137,6.468396470588236,1,0,5,0.011764705882352941,0.0,0.0,0.0
2024-03-06,AmericanExpress,native,31,242.7027,7.829119354838709,0,0,1,0.0,0.0,0.0,0.0
2024-03-06,Netflix,display,298,1568.0921,5.262054026845638,0,0,88,0.0,0.0,0.0,0.0
2024-03-06,Netflix,mobile,204,1001.0663,4.907187745098039,0,0,48,0.0,0.0,0.0,0.0
2024-03-06,Nike,display,42,243.6307,5.8007309523809525,0,0,2,0.0,0.0,0.0,0.0
2024-03-06,Nike,mobile,9,54.2372,6.026355555555556,0,0,1,0.0,0.0,0.0,0.0
2024-03-06,Toyota,display,22,151.3308,6.878672727272728,0,0,0,0.0,0.0,0.0,0.0
2024-03-06,Toyota,mobile,16,96.8288,6.0518,0,0,0,0.0,0.0,0.0,0.0
2024-03-07,AmericanExpress,display,111,740.9897,6.675582882882883,0,0,10,0.0,0.0,0.0,0.0
2024-03-07,AmericanExpress,mobile,77,536.494,6.967454545454546,0,0,11,0.0,0.0,0.0,0.0
2024-03-07,AmericanExpress,native,33,261.1504,7.913648484848484,0,0,3,0.0,0.0,0.0,0.0
2024-03-07,Netflix,display,304,1613.6899,5.308190460526316,0,0,78,0.0,0.0,0.0,0.0
2024-03-07,Netflix,mobile,208,1066.869,5.129177884615384,0,0,57,0.0,0.0,0.0,0.0
2024-03-07,Nike,display,34,189.299,5.567617647058824,0,0,0,0.0,0.0,0.0,0.0
2024-03-07,Nike,mobile,18,105.7458,5.874766666666667,0,0,1,0.0,0.0,0.0,0.0
2024-03-07,Toyota,display,23,143.5972,6.24335652173913,0,0,0,0.0,0.0,0.0,0.0
2024-03-07,Toyota,mobile,15,99.0116,6.600773333333334,0,0,0,0.0,0.0,0.0,0.0
2024-03-08,AmericanExpress,display,149,1037.5868,6.963669798657718,0,0,21,0.0,0.0,0.0,0.0
2024-03-08,AmericanExpress,mobile,92,647.731,7.040554347826087,0,0,13,0.0,0.0,0.0,0.0
2024-03-08,AmericanExpress,native,32,246.5637,7.705115625,0,0,3,0.0,0.0,0.0,0.0
2024-03-08,Netflix,display,337,1744.0026,5.175081899109792,0,0,90,0.0,0.0,0.0,0.0
2024-03-08,Netflix,mobile,223,1251.7755,5.613343049327354,0,0,72,0.0,0.0,0.0,0.0
2024-03-08,Nike,display,29,171.9818,5.930406896551724,0,0,0,0.0,0.0,0.0,0.0
2024-03-08,Nike,mobile,22,129.2542,5.875190909090909,0,0,1,0.0,0.0,0.0,0.0
2024-03-08,Toyota,display,23,147.8376,6.427721739130435,0,0,0,0.0,0.0,0.0,0.0
2024-03-08,Toyota,mobile,21,130.6126,6.219647619047619,0,0,0,0.0,0.0,0.0,0.0
2024-03-09,AmericanExpress,display,135,899.393,6.6621703703703705,0,0,12,0.0,0.0,0.0,0.0
2024-03-09,AmericanExpress,mobile,90,623.8353,6.931503333333333,0,0,10,0.0,0.0,0.0,0.0
2024-03-09,AmericanExpress,native,45,360.3499,8.007775555555556,0,0,5,0.0,0.0,0.0,0.0
2024-03-09,Netflix,display,306,1727.8465,5.646557189542484,1,0,102,0.0032679738562091504,0.0,0.0,0.0
2024-03-09,Netflix,mobile,218,1191.962,5.467715596330275,0,0,67,0.0,0.0,0.0,0.0
2024-03-09,Nike,display,31,184.34890000000001,5.94673870967742,0,0,2,0.0,0.0,0.0,0.0
2024-03-09,Nike,mobile,24,142.7329,5.947204166666666,0,0,2,0.0,0.0,0.0,0.0
2024-03-09,Toyota,display,15,104.2146,6.947640000000001,0,0,0,0.0,0.0,0.0,0.0
2024-03-09,Toyota,mobile,12,80.8914,6.740950000000001,0,0,0,0.0,0.0,0.0,0.0
2024-03-10,AmericanExpress,display,140,971.3802000000001,6.93843,0,0,18,0.0,0.0,0.0,0.0
2024-03-10,AmericanExpress,mobile,85,580.6576,6.831265882352941,0,0,11,0.0,0.0,0.0,0.0
2024-03-10,AmericanExpress,native,43,321.5768,7.478530232558139,0,0,2,0.0,0.0,0.0,0.0
2024-03-10,Netflix,display,284,1459.1607999999999,5.13789014084507,1,0,76,0.0035211267605633804,0.0,0.0,0.0
2024-03-10,Netflix,mobile,208,1033.7018,4.969720192307692,1,0,53,0.004807692307692308,0.0,0.0,0.0
2024-03-10,Nike,display,29,174.7997,6.027575862068965,0,0,1,0.0,0.0,0.0,0.0
2024-03-10,Nike,mobile,15,89.64189999999999,5.976126666666667,0,0,1,0.0,0.0,0.0,0.0
2024-03-10,Toyota,display,24,158.6473,6.610304166666666,0,0,0,0.0,0.0,0.0,0.0
2024-03-10,Toyota,mobile,10,62.8349,6.28349,0,0,0,0.0,0.0,0.0,0.0
2024-03-11,AmericanExpress,display,122,805.9269,6.6059581967213115,0,0,8,0.0,0.0,0.0,0.0
2024-03-11,AmericanExpress,mobile,78,515.3277,6.606765384615385,0,0,8,0.0,0.0,0.0,0.0
2024-03-11,AmericanExpress,native,35,265.5044,7.585839999999999,0,0,2,0.0,0.0,0.0,0.0
2024-03-11,Netflix,display,315,1597.1903,5.070445396825397,0,0,80,0.0,0.0,0.0,0.0
2024-03-11,Netflix,mobile,217,1092.2653,5.033480645161291,0,0,56,0.0,0.0,0.0,0.0
2024-03-11,Nike,display,28,162.9988,5.8213857142857135,0,0,2,0.0,0.0,0.0,0.0
2024-03-11,Nike,mobile,19,111.9687,5.893089473684211,0,0,0,0.0,0.0,0.0,0.0
2024-03-11,Toyota,display,22,139.8341,6.356095454545454,0,0,0,0.0,0.0,0.0,0.0
2024-03-11,Toyota,mobile,22,142.2808,6.467309090909091,0,0,0,0.0,0.0,0.0,0.0
2024-03-12,AmericanExpress,display,129,863.6693,6.695110852713179,0,0,9,0.0,0.0,0.0,0.0
2024-03-12,AmericanExpress,mobile,115,767.8048,6.67656347826087,0,0,9,0.0,0.0,0.0,0.0
2024-03-12,AmericanExpress,native,32,239.1599,7.473746875,0,0,2,0.0,0.0,0.0,0.0
2024-03-12,Netflix,display,292,1487.4554,5.094025342465754,0,0,74,0.0,0.0,0.0,0.0
2024-03-12,Netflix,mobile,195,1003.5029,5.146168717948718,1,0,47,0.005128205128205128,0.0,0.0,0.0
2024-03-12,Nike,display,31,187.2257,6.039538709677419,0,0,3,0.0,0.0,0.0,0.0
2024-03-12,Nike,mobile,19,110.4824,5.814863157894737,0,0,1,0.0,0.0,0.0,0.0
2024-03-12,Toyota,display,28,178.95589999999999,6.3912821428571425,0,0,0,0.0,0.0,0.0,0.0
2024-03-12,Toyota,mobile,14,88.8578,6.346985714285714,0,0,0,0.0,0.0,0.0,0.0
2024-03-13,AmericanExpress,display,130,892.8465,6.86805,0,0,17,0.0,0.0,0.0,0.0
2024-03-13,AmericanExpress,mobile,85,586.3591,6.898342352941176,0,0,8,0.0,0.0,0.0,0.0
2024-03-13,AmericanExpress,native,24,185.6756,7.736483333333333,0,0,2,0.0,0.0,0.0,0.0
2024-03-13,Netflix,display,301,1535.0542,5.099847840531561,1,0,75,0.0033222591362126247,0.0,0.0,0.0
2024-03-13,Netflix,mobile,204,1038.0303,5.088383823529411,0,0,50,0.0,0.0,0.0,0.0
2024-03-13,Nike,display,29,169.9114,5.859013793103448,0,0,0,0.0,0.0,0.0,0.0
2024-03-13,Nike,mobile,21,121.8487,5.802319047619047,0,0,1,0.0,0.0,0.0,0.0
2024-03-13,Toyota,display,28,186.1266,6.647378571428571,0,0,0,0.0,0.0,0.0,0.0
2024-03-13,Toyota,mobile,9,55.937,6.215222222222222,0,0,0,0.0,0.0,0.0,0.0
2024-03-14,AmericanExpress,display,151,1002.5023,6.6390880794701985,0,0,13,0.0,0.0,0.0,0.0
2024-03-14,AmericanExpress,mobile,83,580.5828,6.994973493975904,0,0,11,0.0,0.0,0.0,0.0
2024-03-14,AmericanExpress,native,26,174.5591,6.713811538461538,0,0,1,0.0,0.0,0.0,0.0
2024-03-14,Netflix,display,339,1795.2184,5.295629498525074,0,0,91,0.0,0.0,0.0,0.0
2024-03-14,Netflix,mobile,239,1269.3378,5.311036820083682,0,0,65,0.0,0.0,0.0,0.0
2024-03-14,Nike,display,31,179.8423,5.801364516129032,0,0,1,0.0,0.0,0.0,0.0
2024-03-14,Nike,mobile,17,104.5545,6.150264705882353,0,0,1,0.0,0.0,0.0,0.0
2024-03-14,Toyota,display,26,169.6922,6.5266230769230775,0,0,0,0.0,0.0,0.0,0.0
2024-03-14,Toyota,mobile,21,131.6578,6.269419047619048,0,0,0,0.0,0.0,0.0,0.0
2024-03-15,AmericanExpress,display,120,796.6115,6.638429166666667,1,0,11,0.008333333333333333,0.0,0.0,0.0
2024-03-15,AmericanExpress,mobile,97,660.7664,6.812024742268041,0,0,11,0.0,0.0,0.0,0.0
2024-03-15,AmericanExpress,native,44,316.96569999999997,7.203765909090908,0,0,1,0.0,0.0,0.0,0.0
2024-03-15,Netflix,display,297,1544.7547,5.2011942760942755,0,0,76,0.0,0.0,0.0,0.0
2024-03-15,Netflix,mobile,223,1071.0883,4.8030865470852016,0,0,51,0.0,0.0,0.0,0.0
2024-03-15,Nike,display,37,221.8784,5.996713513513513,0,0,3,0.0,0.0,0.0,0.0
2024-03-15,Nike,mobile,16,89.3044,5.581525,0,0,0,0.0,0.0,0.0,0.0
2024-03-15,Toyota,display,28,167.2187,5.972096428571429,0,0,0,0.0,0.0,0.0,0.0
2024-03-15,Toyota,mobile,15,90.85249999999999,6.056833333333333,0,0,0,0.0,0.0,0.0,0.0
2024-03-16,AmericanExpress,display,119,805.8093,6.771506722689075,0,0,12,0.0,0.0,0.0,0.0
2024-03-16,AmericanExpress,mobile,85,583.4479,6.86409294117647,0,0,11,0.0,0.0,0.0,0.0
2024-03-16,AmericanExpress,native,27,215.8065,7.9928333333333335,0,0,3,0.0,0.0,0.0,0.0
2024-03-16,Netflix,display,322,1750.9563,5.43775248447205,1,0,97,0.003105590062111801,0.0,0.0,0.0
2024-03-16,Netflix,mobile,208,1077.3694,5.1796605769230775,0,0,56,0.0,0.0,0.0,0.0
2024-03-16,Nike,display,41,240.2903,5.860739024390244,0,0,2,0.0,0.0,0.0,0.0
2024-03-16,Nike,mobile,20,118.4976,5.92488,0,0,0,0.0,0.0,0.0,0.0
2024-03-16,Toyota,display,24,145.34029999999998,6.055845833333333,0,0,0,0.0,0.0,0.0,0.0
2024-03-16,Toyota,mobile,16,105.909,6.6193125,0,0,0,0.0,0.0,0.0,0.0
2024-03-17,AmericanExpress,display,153,1031.9416,6.7447163398692815,0,0,16,0.0,0.0,0.0,0.0
2024-03-17,AmericanExpress,mobile,76,512.6178,6.744971052631579,0,0,7,0.0,0.0,0.0,0.0
2024-03-17,AmericanExpress,native,50,373.7941,7.475882,0,0,3,0.0,0.0,0.0,0.0
2024-03-17,Netflix,display,338,1721.3785,5.0928357988165684,1,0,86,0.0029585798816568047,0.0,0.0,0.0
2024-03-17,Netflix,mobile,202,1062.5073,5.259937128712871,0,0,55,0.0,0.0,0.0,0.0
2024-03-17,Nike,display,28,171.3181,6.118503571428571,0,0,2,0.0,0.0,0.0,0.0
2024-03-17,Nike,mobile,33,199.8957,6.057445454545455,0,0,1,0.0,0.0,0.0,0.0
2024-03-17,Toyota,display,23,147.8854,6.4298,0,0,0,0.0,0.0,0.0,0.0
2024-03-17,Toyota,mobile,12,71.1971,5.933091666666667,0,0,0,0.0,0.0,0.0,0.0
2024-03-18,AmericanExpress,display,138,910.5694,6.598328985507246,1,0,12,0.007246376811594203,0.0,0.0,0.0
2024-03-18,AmericanExpress,mobile,95,645.7610999999999,6.797485263157894,0,0,12,0.0,0.0,0.0,0.0
2024-03-18,AmericanExpress,native,29,218.5807,7.537265517241379,0,0,4,0.0,0.0,0.0,0.0
2024-03-18,Netflix,display,373,1868.8091,5.010212064343164,0,0,87,0.0,0.0,0.0,0.0
2024-03-18,Netflix,mobile,213,1153.5517,5.415735680751173,0,0,65,0.0,0.0,0.0,0.0
2024-03-18,Nike,display,33,201.7107,6.112445454545455,0,0,2,0.0,0.0,0.0,0.0
2024-03-18,Nike,mobile,25,142.0412,5.681648,0,0,0,0.0,0.0,0.0,0.0
2024-03-18,Toyota,display,20,126.3231,6.316155,0,0,0,0.0,0.0,0.0,0.0
2024-03-18,Toyota,mobile,17,107.7219,6.336582352941177,0,0,0,0.0,0.0,0.0,0.0
2024-03-19,AmericanExpress,display,138,916.4578,6.640998550724638,0,0,11,0.0,0.0,0.0,0.0
2024-03-19,AmericanExpress,mobile,73,516.4645,7.074856164383562,0,0,11,0.0,0.0,0.0,0.0
2024-03-19,AmericanExpress,native,37,260.7636,7.047664864864865,0,0,0,0.0,0.0,0.0,0.0
2024-03-19,Netflix,display,331,1725.1757,5.212011178247734,0,0,88,0.0,0.0,0.0,0.0
2024-03-19,Netflix,mobile,200,1003.5677,5.0178385,1,0,50,0.005,0.0,0.0,0.0
2024-03-19,Nike,display,23,143.2535,6.228413043478261,0,0,3,0.0,0.0,0.0,0.0
2024-03-19,Nike,mobile,19,113.1227,5.953826315789473,0,0,1,0.0,0.0,0.0,0.0
2024-03-19,Toyota,display,23,149.79160000000002,6.512678260869566,0,0,0,0.0,0.0,0.0,0.0
2024-03-19,Toyota,mobile,10,65.0976,6.50976,0,0,0,0.0,0.0,0.0,0.0
2024-03-20,AmericanExpress,display,127,890.5376,7.012107086614173,0,0,19,0.0,0.0,0.0,0.0
2024-03-20,AmericanExpress,mobile,86,571.9084,6.650097674418605,0,0,9,0.0,0.0,0.0,0.0
2024-03-20,AmericanExpress,native,34,260.361,7.657676470588235,0,0,2,0.0,0.0,0.0,0.0
2024-03-20,Netflix,display,333,1712.6656,5.14313993993994,0,0,83,0.0,0.0,0.0,0.0
2024-03-20,Netflix,mobile,199,1060.2362,5.327820100502513,0,0,56,0.0,0.0,0.0,0.0
2024-03-20,Nike,display,27,171.81810000000002,6.3636333333333335,0,0,4,0.0,0.0,0.0,0.0
2024-03-20,Nike,mobile,18,106.6545,5.92525,0,0,0,0.0,0.0,0.0,0.0
2024-03-20,Toyota,display,24,151.2587,6.3024458333333335,0,0,0,0.0,0.0,0.0,0.0
2024-03-20,Toyota,mobile,8,50.1278,6.265975,0,0,0,0.0,0.0,0.0,0.0
2024-03-21,AmericanExpress,display,129,875.9131,6.790024031007752,1,0,14,0.007751937984496124,0.0,0.0,0.0
2024-03-21,AmericanExpress,mobile,110,728.0704,6.618821818181818,1,0,6,0.00909090909090909,0.0,0.0,0.0
2024-03-21,AmericanExpress,native,43,328.1467,7.631318604651163,0,0,2,0.0,0.0,0.0,0.0
2024-03-21,Netflix,display,357,1864.7892,5.223499159663866,0,0,98,0.0,0.0,0.0,0.0
2024-03-21,Netflix,mobile,213,1115.8268,5.238623474178404,0,0,58,0.0,0.0,0.0,0.0
2024-03-21,Nike,display,25,156.9862,6.2794479999999995,0,0,2,0.0,0.0,0.0,0.0
2024-03-21,Nike,mobile,22,128.5744,5.844290909090909,0,0,1,0.0,0.0,0.0,0.0
2024-03-21,Toyota,display,15,88.2171,5.88114,0,0,0,0.0,0.0,0.0,0.0
2024-03-21,Toyota,mobile,16,100.4169,6.27605625,0,0,0,0.0,0.0,0.0,0.0
2024-03-22,AmericanExpress,display,135,907.3314,6.720973333333333,0,0,15,0.0,0.0,0.0,0.0
2024-03-22,AmericanExpress,mobile,108,700.8134,6.489012962962963,0,0,6,0.0,0.0,0.0,0.0
2024-03-22,AmericanExpress,native,39,280.7663,7.199135897435897,0,0,2,0.0,0.0,0.0,0.0
2024-03-22,Netflix,display,329,1660.7047,5.047734650455927,0,0,85,0.0,0.0,0.0,0.0
2024-03-22,Netflix,mobile,202,1037.3353,5.135323267326733,0,0,56,0.0,0.0,0.0,0.0
2024-03-22,Nike,display,28,166.7549,5.955532142857143,0,0,2,0.0,0.0,0.0,0.0
2024-03-22,Nike,mobile,21,116.205,5.533571428571428,0,0,0,0.0,0.0,0.0,0.0
2024-03-22,Toyota,display,17,108.487,6.381588235294117,0,0,0,0.0,0.0,0.0,0.0
2024-03-22,Toyota,mobile,13,83.9616,6.458584615384615,0,0,0,0.0,0.0,0.0,0.0
2024-03-23,AmericanExpress,display,156,1048.2315,6.719432692307693,0,0,17,0.0,0.0,0.0,0.0
2024-03-23,AmericanExpress,mobile,105,702.2592,6.6881828571428565,0,0,9,0.0,0.0,0.0,0.0
2024-03-23,AmericanExpress,native,39,294.2978,7.546097435897436,0,0,2,0.0,0.0,0.0,0.0
2024-03-23,Netflix,display,315,1679.2978,5.331104126984127,1,0,93,0.0031746031746031746,0.0,0.0,0.0
2024-03-23,Netflix,mobile,219,1175.7184,5.368577168949772,1,0,61,0.0045662100456621,0.0,0.0,0.0
2024-03-23,Nike,display,37,216.4075,5.848851351351351,0,0,2,0.0,0.0,0.0,0.0
2024-03-23,Nike,mobile,23,135.471,5.8900434782608695,0,0,0,0.0,0.0,0.0,0.0
2024-03-23,Toyota,display,32,207.8808,6.496275,0,0,0,0.0,0.0,0.0,0.0
2024-03-23,Toyota,mobile,13,84.90859999999999,6.531430769230768,0,0,0,0.0,0.0,0.0,0.0
2024-03-24,AmericanExpress,display,153,1023.1029,6.686947058823529,0,0,16,0.0,0.0,0.0,0.0
2024-03-24,AmericanExpress,mobile,80,556.8806,6.961007499999999,0,0,13,0.0,0.0,0.0,0.0
2024-03-24,AmericanExpress,native,45,344.20550000000003,7.649011111111112,0,0,4,0.0,0.0,0.0,0.0
2024-03-24,Netflix,display,327,1715.1523,5.245114067278287,0,0,89,0.0,0.0,0.0,0.0
2024-03-24,Netflix,mobile,231,1219.5933,5.279624675324675,1,0,67,0.004329004329004329,0.0,0.0,0.0
2024-03-24,Nike,display,34,218.8837,6.437755882352941,0,0,7,0.0,0.0,0.0,0.0
2024-03-24,Nike,mobile,14,78.80499999999999,5.628928571428571,0,0,0,0.0,0.0,0.0,0.0
2024-03-24,Toyota,display,26,159.8153,6.146742307692308,0,0,0,0.0,0.0,0.0,0.0
2024-03-24,Toyota,mobile,16,97.4782,6.0923875,0,0,0,0.0,0.0,0.0,0.0
2024-03-25,AmericanExpress,display,129,888.3223,6.886219379844961,0,0,14,0.0,0.0,0.0,0.0
2024-03-25,AmericanExpress,mobile,80,531.5484,6.644355,0,0,6,0.0,0.0,0.0,0.0
2024-03-25,AmericanExpress,native,37,274.9165,7.430175675675676,0,0,1,0.0,0.0,0.0,0.0
2024-03-25,Netflix,display,337,1773.6559,5.263073887240356,0,0,95,0.0,0.0,0.0,0.0
2024-03-25,Netflix,mobile,199,1046.8559,5.260582412060302,1,0,51,0.005025125628140704,0.0,0.0,0.0
2024-03-25,Nike,display,29,167.2272,5.766455172413793,0,0,0,0.0,0.0,0.0,0.0
2024-03-25,Nike,mobile,17,100.0622,5.8860117647058825,0,0,1,0.0,0.0,0.0,0.0
2024-03-25,Toyota,display,15,101.7072,6.78048,0,0,0,0.0,0.0,0.0,0.0
2024-03-25,Toyota,mobile,11,63.782,5.798363636363636,0,0,0,0.0,0.0,0.0,0.0
2024-03-26,AmericanExpress,display,152,1034.3509,6.804940131578947,0,0,16,0.0,0.0,0.0,0.0
2024-03-26,AmericanExpress,mobile,80,548.4571,6.85571375,0,0,9,0.0,0.0,0.0,0.0
2024-03-26,AmericanExpress,native,40,282.0324,7.05081,0,0,1,0.0,0.0,0.0,0.0
2024-03-26,Netflix,display,303,1518.1467,5.010385148514851,1,0,63,0.0033003300330033004,0.0,0.0,0.0
2024-03-26,Netflix,mobile,223,1146.7444,5.142351569506727,0,0,59,0.0,0.0,0.0,0.0
2024-03-26,Nike,display,41,236.3986,5.7658195121951215,0,0,0,0.0,0.0,0.0,0.0
2024-03-26,Nike,mobile,21,124.005,5.904999999999999,0,0,2,0.0,0.0,0.0,0.0
2024-03-26,Toyota,display,25,172.4031,6.8961239999999995,0,0,0,0.0,0.0,0.0,0.0
2024-03-26,Toyota,mobile,10,66.0359,6.60359,0,0,0,0.0,0.0,0.0,0.0
2024-03-27,AmericanExpress,display,136,938.374,6.899808823529412,1,0,19,0.007352941176470588,0.0,0.0,0.0
2024-03-27,AmericanExpress,mobile,108,770.5786,7.134987037037037,0,0,19,0.0,0.0,0.0,0.0
2024-03-27,AmericanExpress,native,39,297.5355,7.6291153846153845,0,0,2,0.0,0.0,0.0,0.0
2024-03-27,Netflix,display,306,1686.6365,5.511883986928105,0,0,87,0.0,0.0,0.0,0.0
2024-03-27,Netflix,mobile,205,1039.0521,5.068546829268294,0,0,53,0.0,0.0,0.0,0.0
2024-03-27,Nike,display,24,139.321,5.805041666666667,0,0,0,0.0,0.0,0.0,0.0
2024-03-27,Nike,mobile,21,119.2507,5.6786047619047615,0,0,1,0.0,0.0,0.0,0.0
2024-03-27,Toyota,display,26,175.66219999999998,6.7562384615384605,0,0,0,0.0,0.0,0.0,0.0
2024-03-27,Toyota,mobile,14,92.4885,6.6063214285714285,0,0,0,0.0,0.0,0.0,0.0
2024-03-28,AmericanExpress,display,136,901.328,6.627411764705882,1,0,11,0.007352941176470588,0.0,0.0,0.0
2024-03-28,AmericanExpress,mobile,92,609.7746,6.627984782608695,0,0,8,0.0,0.0,0.0,0.0
2024-03-28,AmericanExpress,native,38,284.9796,7.499463157894737,0,0,3,0.0,0.0,0.0,0.0
2024-03-28,Netflix,display,298,1610.3312,5.403795973154363,0,0,85,0.0,0.0,0.0,0.0
2024-03-28,Netflix,mobile,225,1139.1772,5.063009777777778,0,0,56,0.0,0.0,0.0,0.0
2024-03-28,Nike,display,28,170.7805,6.099303571428571,0,0,2,0.0,0.0,0.0,0.0
2024-03-28,Nike,mobile,13,77.926,5.994307692307692,0,0,1,0.0,0.0,0.0,0.0
2024-03-28,Toyota,display,21,143.2244,6.820209523809524,0,0,0,0.0,0.0,0.0,0.0
2024-03-28,Toyota,mobile,13,79.3685,6.10526923076923,0,0,0,0.0,0.0,0.0,0.0
2024-03-29,AmericanExpress,display,130,863.631,6.643315384615384,0,0,11,0.0,0.0,0.0,0.0
2024-03-29,AmericanExpress,mobile,84,557.7692,6.640109523809524,0,0,8,0.0,0.0,0.0,0.0
2024-03-29,AmericanExpress,native,28,226.864,8.102285714285715,0,0,1,0.0,0.0,0.0,0.0
2024-03-29,Netflix,display,313,1584.5109,5.062335143769968,1,0,81,0.003194888178913738,0.0,0.0,0.0
2024-03-29,Netflix,mobile,198,1088.6566,5.498265656565657,0,0,59,0.0,0.0,0.0,0.0
2024-03-29,Nike,display,28,169.9111,6.0682535714285715,0,0,2,0.0,0.0,0.0,0.0
2024-03-29,Nike,mobile,20,124.4395,6.221975,0,0,3,0.0,0.0,0.0,0.0
2024-03-29,Toyota,display,17,106.9107,6.288864705882354,0,0,0,0.0,0.0,0.0,0.0
2024-03-29,Toyota,mobile,15,104.5008,6.96672,0,0,0,0.0,0.0,0.0,0.0
2024-03-30,AmericanExpress,display,150,1048.8019,6.992012666666667,1,0,23,0.006666666666666667,0.0,0.0,0.0
2024-03-30,AmericanExpress,mobile,91,628.9798,6.911865934065934,0,0,13,0.0,0.0,0.0,0.0
2024-03-30,AmericanExpress,native,43,323.4632,7.522399999999999,0,0,3,0.0,0.0,0.0,0.0
2024-03-30,Netflix,display,277,1354.4951,4.889874007220217,0,0,55,0.0,0.0,0.0,0.0
2024-03-30,Netflix,mobile,218,1132.257,5.193839449541285,0,0,60,0.0,0.0,0.0,0.0
2024-03-30,Nike,display,25,147.5761,5.9030439999999995,1,0,0,0.04,0.0,0.0,0.0
2024-03-30,Nike,mobile,20,114.9373,5.746865,0,0,1,0.0,0.0,0.0,0.0
2024-03-30,Toyota,display,23,151.963,6.607086956521739,0,0,0,0.0,0.0,0.0,0.0
2024-03-30,Toyota,mobile,18,115.2697,6.403872222222223,0,0,0,0.0,0.0,0.0,0.0
