strategy,publisher,floor_price,total_imps,filled,unfilled,fill_rate,revenue,rpm
Conservative (60%),espn.com,3.35,16701,12793,3908,0.766,71409.55,4275.76
Conservative (60%),nytimes.com,3.59,16521,11725,4796,0.71,77118.88,4667.93
Conservative (60%),cnn.com,3.89,16968,12065,4903,0.711,86346.29,5088.77
Conservative (60%),buzzfeed.com,1.8,16680,11624,5056,0.697,36213.54,2171.08
Conservative (60%),reddit.com,5.69,16522,12504,4018,0.757,119383.27,7225.72
Conservative (60%),weather.com,2.43,16608,8199,8409,0.494,42708.27,2571.55
Moderate (80%),espn.com,4.47,16701,12494,4207,0.748,70100.33,4197.37
Moderate (80%),nytimes.com,4.79,16521,11424,5097,0.691,75834.06,4590.16
Moderate (80%),cnn.com,5.19,16968,11031,5937,0.65,81299.48,4791.34
Moderate (80%),buzzfeed.com,2.4,16680,4788,11892,0.287,22769.32,1365.07
Moderate (80%),reddit.com,7.59,16522,12375,4147,0.749,118532.62,7174.23
Moderate (80%),weather.com,3.24,16608,7967,8641,0.48,41999.26,2528.86
Aggressive (100%),espn.com,5.58,16701,5645,11056,0.338,35040.27,2098.09
Aggressive (100%),nytimes.com,5.98,16521,7514,9007,0.455,54319.24,3287.89
Aggressive (100%),cnn.com,6.49,16968,5503,11465,0.324,48764.31,2873.9
Aggressive (100%),buzzfeed.com,3.0,16680,4784,11896,0.287,22757.37,1364.35
Aggressive (100%),reddit.com,9.49,16522,6319,10203,0.382,65806.07,3982.94
Aggressive (100%),weather.com,4.05,16608,6707,9901,0.404,37375.63,2250.46
